[main] DEBUG org.apache.http.impl.conn.BasicClientConnectionManager  - Get connection for route {s}->https://www.linkedin.com:443
[main] DEBUG org.apache.http.impl.conn.DefaultClientConnectionOperator  - Connecting to www.linkedin.com:443
[main] DEBUG org.apache.http.client.protocol.RequestAddCookies  - CookieSpec selected: ignoreCookies
[main] DEBUG org.apache.http.client.protocol.RequestAuthCache  - Auth cache not set in the context
[main] DEBUG org.apache.http.client.protocol.RequestTargetAuthentication  - Target auth state: UNCHALLENGED
[main] DEBUG org.apache.http.client.protocol.RequestProxyAuthentication  - Proxy auth state: UNCHALLENGED
[main] DEBUG org.apache.http.impl.client.DefaultHttpClient  - Attempt 1 to execute request
[main] DEBUG org.apache.http.impl.conn.DefaultClientConnection  - Sending request: GET /tscp-serving/dtag?sz=300x250&ti=1&p=1&c=1&z=companies&pk=d_flagship3_company&pz=BR&_x=company%253D18994302 HTTP/1.1
[main] DEBUG org.apache.http.wire  -  >> "GET /tscp-serving/dtag?sz=300x250&ti=1&p=1&c=1&z=companies&pk=d_flagship3_company&pz=BR&_x=company%253D18994302 HTTP/1.1[\r][\n]"
[main] DEBUG org.apache.http.wire  -  >> "Accept: */*[\r][\n]"
[main] DEBUG org.apache.http.wire  -  >> "Host: www.linkedin.com[\r][\n]"
[main] DEBUG org.apache.http.wire  -  >> "Connection: Keep-Alive[\r][\n]"
[main] DEBUG org.apache.http.wire  -  >> "User-Agent: Apache-HttpClient/4.5.13 (Java/11.0.12)[\r][\n]"
[main] DEBUG org.apache.http.wire  -  >> "Accept-Encoding: gzip,deflate[\r][\n]"
[main] DEBUG org.apache.http.wire  -  >> "[\r][\n]"
[main] DEBUG org.apache.http.headers  - >> GET /tscp-serving/dtag?sz=300x250&ti=1&p=1&c=1&z=companies&pk=d_flagship3_company&pz=BR&_x=company%253D18994302 HTTP/1.1
[main] DEBUG org.apache.http.headers  - >> Accept: */*
[main] DEBUG org.apache.http.headers  - >> Host: www.linkedin.com
[main] DEBUG org.apache.http.headers  - >> Connection: Keep-Alive
[main] DEBUG org.apache.http.headers  - >> User-Agent: Apache-HttpClient/4.5.13 (Java/11.0.12)
[main] DEBUG org.apache.http.headers  - >> Accept-Encoding: gzip,deflate
[main] DEBUG org.apache.http.wire  -  << "HTTP/1.1 204 No Content[\r][\n]"
[main] DEBUG org.apache.http.wire  -  << "Cache-Control: no-store, private[\r][\n]"
[main] DEBUG org.apache.http.wire  -  << "Pragma: no-cache[\r][\n]"
[main] DEBUG org.apache.http.wire  -  << "Set-Cookie: JSESSIONID=ajax:7276459107685652848; SameSite=None; Path=/; Domain=.www.linkedin.com; Secure[\r][\n]"
[main] DEBUG org.apache.http.wire  -  << "Set-Cookie: lang=v=2&lang=en-us; SameSite=None; Path=/; Domain=linkedin.com; Secure[\r][\n]"
[main] DEBUG org.apache.http.wire  -  << "Set-Cookie: bcookie="v=2&722e9a8a-a890-45dc-8c46-2b6224dbff8f"; domain=.linkedin.com; Path=/; Secure; Expires=Fri, 01-Sep-2023 04:47:54 GMT; SameSite=None[\r][\n]"
[main] DEBUG org.apache.http.wire  -  << "Set-Cookie: bscookie="v=1&202108311710221a914ec4-e485-4d96-8cbf-6baf01a5f24bAQFJOwjGTHzHKxxvCsuTYiSOJHHbhbz0"; domain=.www.linkedin.com; Path=/; Secure; Expires=Fri, 01-Sep-2023 04:47:54 GMT; HttpOnly; SameSite=None[\r][\n]"
[main] DEBUG org.apache.http.wire  -  << "Set-Cookie: lidc="b=VGST07:s=V:r=V:a=V:p=V:g=2158:u=1:x=1:i=1630429822:t=1630516222:v=2:sig=AQEAD4xQx2geJi-DSL7zHc6fi1BRaXgG"; Expires=Wed, 01 Sep 2021 17:10:22 GMT; domain=.linkedin.com; Path=/; SameSite=None; Secure[\r][\n]"
[main] DEBUG org.apache.http.wire  -  << "Content-Security-Policy: default-src *; connect-src 'self' https://media-src.linkedin.com/media/ wss://*.linkedin.com static.licdn.com static-exp1.licdn.com static-exp2.licdn.com static-exp3.licdn.com media.licdn.com media-exp1.licdn.com media-exp2.licdn.com media-exp3.licdn.com; img-src data: blob: *; font-src data: *; style-src 'unsafe-inline' 'self' static-src.linkedin.com *.licdn.com; script-src 'report-sample' 'unsafe-inline' 'unsafe-eval' 'self' spdy.linkedin.com static-src.linkedin.com *.ads.linkedin.com *.licdn.com platform.linkedin.com platform-akam.linkedin.com platform-ecst.linkedin.com platform-azur.linkedin.com; object-src 'none'; media-src blob: *; frame-ancestors http://*.adnxs.com https://*.adnxs.com http://*.linkedin.com https://*.linkedin.com http://*.slideshare.net https://*.slideshare.net https://*.msn.com http://*.msn.com http://*.outlook.com https://*.outlook.com translate.googleusercontent.com pemberly.www.linkedin.com:4443; report-uri /security/csp?f=ad[\r][\n]"
[main] DEBUG org.apache.http.wire  -  << "X-Frame-Options: sameorigin[\r][\n]"
[main] DEBUG org.apache.http.wire  -  << "X-Content-Type-Options: nosniff[\r][\n]"
[main] DEBUG org.apache.http.wire  -  << "Strict-Transport-Security: max-age=31536000[\r][\n]"
[main] DEBUG org.apache.http.wire  -  << "Expect-CT: max-age=86400, report-uri="https://www.linkedin.com/platform-telemetry/ct"[\r][\n]"
[main] DEBUG org.apache.http.wire  -  << "X-Li-Fabric: prod-lva1[\r][\n]"
[main] DEBUG org.apache.http.wire  -  << "X-Li-Pop: afd-prod-ltx1[\r][\n]"
[main] DEBUG org.apache.http.wire  -  << "X-Li-Proto: http/1.1[\r][\n]"
[main] DEBUG org.apache.http.wire  -  << "X-LI-UUID: lr+TDklzoBaAsWvjRisAAA==[\r][\n]"
[main] DEBUG org.apache.http.wire  -  << "X-Cache: CONFIG_NOCACHE[\r][\n]"
[main] DEBUG org.apache.http.wire  -  << "X-MSEdge-Ref: Ref A: 27CA30E305BE4799BD9698D4842A6D11 Ref B: BUE30EDGE0121 Ref C: 2021-08-31T17:10:22Z[\r][\n]"
[main] DEBUG org.apache.http.wire  -  << "Date: Tue, 31 Aug 2021 17:10:22 GMT[\r][\n]"
[main] DEBUG org.apache.http.wire  -  << "[\r][\n]"
[main] DEBUG org.apache.http.impl.conn.DefaultClientConnection  - Receiving response: HTTP/1.1 204 No Content
[main] DEBUG org.apache.http.headers  - << HTTP/1.1 204 No Content
[main] DEBUG org.apache.http.headers  - << Cache-Control: no-store, private
[main] DEBUG org.apache.http.headers  - << Pragma: no-cache
[main] DEBUG org.apache.http.headers  - << Set-Cookie: JSESSIONID=ajax:7276459107685652848; SameSite=None; Path=/; Domain=.www.linkedin.com; Secure
[main] DEBUG org.apache.http.headers  - << Set-Cookie: lang=v=2&lang=en-us; SameSite=None; Path=/; Domain=linkedin.com; Secure
[main] DEBUG org.apache.http.headers  - << Set-Cookie: bcookie="v=2&722e9a8a-a890-45dc-8c46-2b6224dbff8f"; domain=.linkedin.com; Path=/; Secure; Expires=Fri, 01-Sep-2023 04:47:54 GMT; SameSite=None
[main] DEBUG org.apache.http.headers  - << Set-Cookie: bscookie="v=1&202108311710221a914ec4-e485-4d96-8cbf-6baf01a5f24bAQFJOwjGTHzHKxxvCsuTYiSOJHHbhbz0"; domain=.www.linkedin.com; Path=/; Secure; Expires=Fri, 01-Sep-2023 04:47:54 GMT; HttpOnly; SameSite=None
[main] DEBUG org.apache.http.headers  - << Set-Cookie: lidc="b=VGST07:s=V:r=V:a=V:p=V:g=2158:u=1:x=1:i=1630429822:t=1630516222:v=2:sig=AQEAD4xQx2geJi-DSL7zHc6fi1BRaXgG"; Expires=Wed, 01 Sep 2021 17:10:22 GMT; domain=.linkedin.com; Path=/; SameSite=None; Secure
[main] DEBUG org.apache.http.headers  - << Content-Security-Policy: default-src *; connect-src 'self' https://media-src.linkedin.com/media/ wss://*.linkedin.com static.licdn.com static-exp1.licdn.com static-exp2.licdn.com static-exp3.licdn.com media.licdn.com media-exp1.licdn.com media-exp2.licdn.com media-exp3.licdn.com; img-src data: blob: *; font-src data: *; style-src 'unsafe-inline' 'self' static-src.linkedin.com *.licdn.com; script-src 'report-sample' 'unsafe-inline' 'unsafe-eval' 'self' spdy.linkedin.com static-src.linkedin.com *.ads.linkedin.com *.licdn.com platform.linkedin.com platform-akam.linkedin.com platform-ecst.linkedin.com platform-azur.linkedin.com; object-src 'none'; media-src blob: *; frame-ancestors http://*.adnxs.com https://*.adnxs.com http://*.linkedin.com https://*.linkedin.com http://*.slideshare.net https://*.slideshare.net https://*.msn.com http://*.msn.com http://*.outlook.com https://*.outlook.com translate.googleusercontent.com pemberly.www.linkedin.com:4443; report-uri /security/csp?f=ad
[main] DEBUG org.apache.http.headers  - << X-Frame-Options: sameorigin
[main] DEBUG org.apache.http.headers  - << X-Content-Type-Options: nosniff
[main] DEBUG org.apache.http.headers  - << Strict-Transport-Security: max-age=31536000
[main] DEBUG org.apache.http.headers  - << Expect-CT: max-age=86400, report-uri="https://www.linkedin.com/platform-telemetry/ct"
[main] DEBUG org.apache.http.headers  - << X-Li-Fabric: prod-lva1
[main] DEBUG org.apache.http.headers  - << X-Li-Pop: afd-prod-ltx1
[main] DEBUG org.apache.http.headers  - << X-Li-Proto: http/1.1
[main] DEBUG org.apache.http.headers  - << X-LI-UUID: lr+TDklzoBaAsWvjRisAAA==
[main] DEBUG org.apache.http.headers  - << X-Cache: CONFIG_NOCACHE
[main] DEBUG org.apache.http.headers  - << X-MSEdge-Ref: Ref A: 27CA30E305BE4799BD9698D4842A6D11 Ref B: BUE30EDGE0121 Ref C: 2021-08-31T17:10:22Z
[main] DEBUG org.apache.http.headers  - << Date: Tue, 31 Aug 2021 17:10:22 GMT
[main] DEBUG org.apache.http.impl.client.DefaultHttpClient  - Connection can be kept alive indefinitely
[main] DEBUG org.apache.http.impl.conn.BasicClientConnectionManager  - Releasing connection org.apache.http.impl.conn.ManagedClientConnectionImpl@61fafb74
[main] DEBUG org.apache.http.impl.conn.BasicClientConnectionManager  - Connection can be kept alive indefinitely
[main] DEBUG RestAssuredRequest  - status code:204
[main] DEBUG org.apache.http.impl.conn.BasicClientConnectionManager  - Get connection for route {s}->https://www.linkedin.com:443
[main] DEBUG org.apache.http.impl.conn.DefaultClientConnectionOperator  - Connecting to www.linkedin.com:443
[main] DEBUG org.apache.http.client.protocol.RequestAddCookies  - CookieSpec selected: ignoreCookies
[main] DEBUG org.apache.http.client.protocol.RequestAuthCache  - Auth cache not set in the context
[main] DEBUG org.apache.http.client.protocol.RequestTargetAuthentication  - Target auth state: UNCHALLENGED
[main] DEBUG org.apache.http.client.protocol.RequestProxyAuthentication  - Proxy auth state: UNCHALLENGED
[main] DEBUG org.apache.http.impl.client.DefaultHttpClient  - Attempt 1 to execute request
[main] DEBUG org.apache.http.impl.conn.DefaultClientConnection  - Sending request: GET /tscp-serving/dtag?sz=300x250&ti=1&p=1&c=1&z=companies&pk=d_flagship3_company&pz=BR&_x=company%253D18994302 HTTP/1.1
[main] DEBUG org.apache.http.wire  -  >> "GET /tscp-serving/dtag?sz=300x250&ti=1&p=1&c=1&z=companies&pk=d_flagship3_company&pz=BR&_x=company%253D18994302 HTTP/1.1[\r][\n]"
[main] DEBUG org.apache.http.wire  -  >> "Accept: */*[\r][\n]"
[main] DEBUG org.apache.http.wire  -  >> "Host: www.linkedin.com[\r][\n]"
[main] DEBUG org.apache.http.wire  -  >> "Connection: Keep-Alive[\r][\n]"
[main] DEBUG org.apache.http.wire  -  >> "User-Agent: Apache-HttpClient/4.5.13 (Java/11.0.12)[\r][\n]"
[main] DEBUG org.apache.http.wire  -  >> "Accept-Encoding: gzip,deflate[\r][\n]"
[main] DEBUG org.apache.http.wire  -  >> "[\r][\n]"
[main] DEBUG org.apache.http.headers  - >> GET /tscp-serving/dtag?sz=300x250&ti=1&p=1&c=1&z=companies&pk=d_flagship3_company&pz=BR&_x=company%253D18994302 HTTP/1.1
[main] DEBUG org.apache.http.headers  - >> Accept: */*
[main] DEBUG org.apache.http.headers  - >> Host: www.linkedin.com
[main] DEBUG org.apache.http.headers  - >> Connection: Keep-Alive
[main] DEBUG org.apache.http.headers  - >> User-Agent: Apache-HttpClient/4.5.13 (Java/11.0.12)
[main] DEBUG org.apache.http.headers  - >> Accept-Encoding: gzip,deflate
[main] DEBUG org.apache.http.wire  -  << "HTTP/1.1 204 No Content[\r][\n]"
[main] DEBUG org.apache.http.wire  -  << "Cache-Control: no-store, private[\r][\n]"
[main] DEBUG org.apache.http.wire  -  << "Pragma: no-cache[\r][\n]"
[main] DEBUG org.apache.http.wire  -  << "Set-Cookie: JSESSIONID=ajax:3051728804524641885; SameSite=None; Path=/; Domain=.www.linkedin.com; Secure[\r][\n]"
[main] DEBUG org.apache.http.wire  -  << "Set-Cookie: lang=v=2&lang=en-us; SameSite=None; Path=/; Domain=linkedin.com; Secure[\r][\n]"
[main] DEBUG org.apache.http.wire  -  << "Set-Cookie: bcookie="v=2&e354bd18-b8ee-4dd7-8002-c7a85ca3b588"; domain=.linkedin.com; Path=/; Secure; Expires=Fri, 01-Sep-2023 04:48:33 GMT; SameSite=None[\r][\n]"
[main] DEBUG org.apache.http.wire  -  << "Set-Cookie: bscookie="v=1&20210831171101457ec82d-8f4f-46a0-84f3-d88ee4fadc4cAQGd8GSe5n91l9zlHIZGOoQvNaJINkcd"; domain=.www.linkedin.com; Path=/; Secure; Expires=Fri, 01-Sep-2023 04:48:33 GMT; HttpOnly; SameSite=None[\r][\n]"
[main] DEBUG org.apache.http.wire  -  << "Set-Cookie: lidc="b=VGST07:s=V:r=V:a=V:p=V:g=2158:u=1:x=1:i=1630429861:t=1630516261:v=2:sig=AQHbiwVp2DH5W04JPL6WlRBFm0Ty18DH"; Expires=Wed, 01 Sep 2021 17:11:01 GMT; domain=.linkedin.com; Path=/; SameSite=None; Secure[\r][\n]"
[main] DEBUG org.apache.http.wire  -  << "Content-Security-Policy: default-src *; connect-src 'self' https://media-src.linkedin.com/media/ wss://*.linkedin.com static.licdn.com static-exp1.licdn.com static-exp2.licdn.com static-exp3.licdn.com media.licdn.com media-exp1.licdn.com media-exp2.licdn.com media-exp3.licdn.com; img-src data: blob: *; font-src data: *; style-src 'unsafe-inline' 'self' static-src.linkedin.com *.licdn.com; script-src 'report-sample' 'unsafe-inline' 'unsafe-eval' 'self' spdy.linkedin.com static-src.linkedin.com *.ads.linkedin.com *.licdn.com platform.linkedin.com platform-akam.linkedin.com platform-ecst.linkedin.com platform-azur.linkedin.com; object-src 'none'; media-src blob: *; frame-ancestors http://*.adnxs.com https://*.adnxs.com http://*.linkedin.com https://*.linkedin.com http://*.slideshare.net https://*.slideshare.net https://*.msn.com http://*.msn.com http://*.outlook.com https://*.outlook.com translate.googleusercontent.com pemberly.www.linkedin.com:4443; report-uri /security/csp?f=ad[\r][\n]"
[main] DEBUG org.apache.http.wire  -  << "X-Frame-Options: sameorigin[\r][\n]"
[main] DEBUG org.apache.http.wire  -  << "X-Content-Type-Options: nosniff[\r][\n]"
[main] DEBUG org.apache.http.wire  -  << "Strict-Transport-Security: max-age=31536000[\r][\n]"
[main] DEBUG org.apache.http.wire  -  << "Expect-CT: max-age=86400, report-uri="https://www.linkedin.com/platform-telemetry/ct"[\r][\n]"
[main] DEBUG org.apache.http.wire  -  << "X-Li-Fabric: prod-lva1[\r][\n]"
[main] DEBUG org.apache.http.wire  -  << "X-Li-Pop: afd-prod-lva1[\r][\n]"
[main] DEBUG org.apache.http.wire  -  << "X-Li-Proto: http/1.1[\r][\n]"
[main] DEBUG org.apache.http.wire  -  << "X-LI-UUID: fEs0C1JzoBYw1QckEysAAA==[\r][\n]"
[main] DEBUG org.apache.http.wire  -  << "X-Cache: CONFIG_NOCACHE[\r][\n]"
[main] DEBUG org.apache.http.wire  -  << "X-MSEdge-Ref: Ref A: 13364FB7D08740139EBA03448BBDE1B7 Ref B: BUE30EDGE0114 Ref C: 2021-08-31T17:11:01Z[\r][\n]"
[main] DEBUG org.apache.http.wire  -  << "Date: Tue, 31 Aug 2021 17:11:00 GMT[\r][\n]"
[main] DEBUG org.apache.http.wire  -  << "[\r][\n]"
[main] DEBUG org.apache.http.impl.conn.DefaultClientConnection  - Receiving response: HTTP/1.1 204 No Content
[main] DEBUG org.apache.http.headers  - << HTTP/1.1 204 No Content
[main] DEBUG org.apache.http.headers  - << Cache-Control: no-store, private
[main] DEBUG org.apache.http.headers  - << Pragma: no-cache
[main] DEBUG org.apache.http.headers  - << Set-Cookie: JSESSIONID=ajax:3051728804524641885; SameSite=None; Path=/; Domain=.www.linkedin.com; Secure
[main] DEBUG org.apache.http.headers  - << Set-Cookie: lang=v=2&lang=en-us; SameSite=None; Path=/; Domain=linkedin.com; Secure
[main] DEBUG org.apache.http.headers  - << Set-Cookie: bcookie="v=2&e354bd18-b8ee-4dd7-8002-c7a85ca3b588"; domain=.linkedin.com; Path=/; Secure; Expires=Fri, 01-Sep-2023 04:48:33 GMT; SameSite=None
[main] DEBUG org.apache.http.headers  - << Set-Cookie: bscookie="v=1&20210831171101457ec82d-8f4f-46a0-84f3-d88ee4fadc4cAQGd8GSe5n91l9zlHIZGOoQvNaJINkcd"; domain=.www.linkedin.com; Path=/; Secure; Expires=Fri, 01-Sep-2023 04:48:33 GMT; HttpOnly; SameSite=None
[main] DEBUG org.apache.http.headers  - << Set-Cookie: lidc="b=VGST07:s=V:r=V:a=V:p=V:g=2158:u=1:x=1:i=1630429861:t=1630516261:v=2:sig=AQHbiwVp2DH5W04JPL6WlRBFm0Ty18DH"; Expires=Wed, 01 Sep 2021 17:11:01 GMT; domain=.linkedin.com; Path=/; SameSite=None; Secure
[main] DEBUG org.apache.http.headers  - << Content-Security-Policy: default-src *; connect-src 'self' https://media-src.linkedin.com/media/ wss://*.linkedin.com static.licdn.com static-exp1.licdn.com static-exp2.licdn.com static-exp3.licdn.com media.licdn.com media-exp1.licdn.com media-exp2.licdn.com media-exp3.licdn.com; img-src data: blob: *; font-src data: *; style-src 'unsafe-inline' 'self' static-src.linkedin.com *.licdn.com; script-src 'report-sample' 'unsafe-inline' 'unsafe-eval' 'self' spdy.linkedin.com static-src.linkedin.com *.ads.linkedin.com *.licdn.com platform.linkedin.com platform-akam.linkedin.com platform-ecst.linkedin.com platform-azur.linkedin.com; object-src 'none'; media-src blob: *; frame-ancestors http://*.adnxs.com https://*.adnxs.com http://*.linkedin.com https://*.linkedin.com http://*.slideshare.net https://*.slideshare.net https://*.msn.com http://*.msn.com http://*.outlook.com https://*.outlook.com translate.googleusercontent.com pemberly.www.linkedin.com:4443; report-uri /security/csp?f=ad
[main] DEBUG org.apache.http.headers  - << X-Frame-Options: sameorigin
[main] DEBUG org.apache.http.headers  - << X-Content-Type-Options: nosniff
[main] DEBUG org.apache.http.headers  - << Strict-Transport-Security: max-age=31536000
[main] DEBUG org.apache.http.headers  - << Expect-CT: max-age=86400, report-uri="https://www.linkedin.com/platform-telemetry/ct"
[main] DEBUG org.apache.http.headers  - << X-Li-Fabric: prod-lva1
[main] DEBUG org.apache.http.headers  - << X-Li-Pop: afd-prod-lva1
[main] DEBUG org.apache.http.headers  - << X-Li-Proto: http/1.1
[main] DEBUG org.apache.http.headers  - << X-LI-UUID: fEs0C1JzoBYw1QckEysAAA==
[main] DEBUG org.apache.http.headers  - << X-Cache: CONFIG_NOCACHE
[main] DEBUG org.apache.http.headers  - << X-MSEdge-Ref: Ref A: 13364FB7D08740139EBA03448BBDE1B7 Ref B: BUE30EDGE0114 Ref C: 2021-08-31T17:11:01Z
[main] DEBUG org.apache.http.headers  - << Date: Tue, 31 Aug 2021 17:11:00 GMT
[main] DEBUG org.apache.http.impl.client.DefaultHttpClient  - Connection can be kept alive indefinitely
[main] DEBUG org.apache.http.impl.conn.BasicClientConnectionManager  - Releasing connection org.apache.http.impl.conn.ManagedClientConnectionImpl@6d9fb2d1
[main] DEBUG org.apache.http.impl.conn.BasicClientConnectionManager  - Connection can be kept alive indefinitely
[main] DEBUG RestAssuredRequest  - status code:204
[main] DEBUG org.apache.http.impl.conn.BasicClientConnectionManager  - Get connection for route {s}->https://www.linkedin.com:443
[main] DEBUG org.apache.http.impl.conn.DefaultClientConnectionOperator  - Connecting to www.linkedin.com:443
[main] DEBUG org.apache.http.client.protocol.RequestAddCookies  - CookieSpec selected: ignoreCookies
[main] DEBUG org.apache.http.client.protocol.RequestAuthCache  - Auth cache not set in the context
[main] DEBUG org.apache.http.client.protocol.RequestTargetAuthentication  - Target auth state: UNCHALLENGED
[main] DEBUG org.apache.http.client.protocol.RequestProxyAuthentication  - Proxy auth state: UNCHALLENGED
[main] DEBUG org.apache.http.impl.client.DefaultHttpClient  - Attempt 1 to execute request
[main] DEBUG org.apache.http.impl.conn.DefaultClientConnection  - Sending request: GET /tscp-serving/dtag?sz=300x250&ti=1&p=1&c=1&z=companies&pk=d_flagship3_company&pz=BR&_x=company%253D18994302 HTTP/1.1
[main] DEBUG org.apache.http.wire  -  >> "GET /tscp-serving/dtag?sz=300x250&ti=1&p=1&c=1&z=companies&pk=d_flagship3_company&pz=BR&_x=company%253D18994302 HTTP/1.1[\r][\n]"
[main] DEBUG org.apache.http.wire  -  >> "Accept: */*[\r][\n]"
[main] DEBUG org.apache.http.wire  -  >> "Host: www.linkedin.com[\r][\n]"
[main] DEBUG org.apache.http.wire  -  >> "Connection: Keep-Alive[\r][\n]"
[main] DEBUG org.apache.http.wire  -  >> "User-Agent: Apache-HttpClient/4.5.13 (Java/11.0.12)[\r][\n]"
[main] DEBUG org.apache.http.wire  -  >> "Accept-Encoding: gzip,deflate[\r][\n]"
[main] DEBUG org.apache.http.wire  -  >> "[\r][\n]"
[main] DEBUG org.apache.http.headers  - >> GET /tscp-serving/dtag?sz=300x250&ti=1&p=1&c=1&z=companies&pk=d_flagship3_company&pz=BR&_x=company%253D18994302 HTTP/1.1
[main] DEBUG org.apache.http.headers  - >> Accept: */*
[main] DEBUG org.apache.http.headers  - >> Host: www.linkedin.com
[main] DEBUG org.apache.http.headers  - >> Connection: Keep-Alive
[main] DEBUG org.apache.http.headers  - >> User-Agent: Apache-HttpClient/4.5.13 (Java/11.0.12)
[main] DEBUG org.apache.http.headers  - >> Accept-Encoding: gzip,deflate
[main] DEBUG org.apache.http.wire  -  << "HTTP/1.1 204 No Content[\r][\n]"
[main] DEBUG org.apache.http.wire  -  << "Cache-Control: no-store, private[\r][\n]"
[main] DEBUG org.apache.http.wire  -  << "Pragma: no-cache[\r][\n]"
[main] DEBUG org.apache.http.wire  -  << "Set-Cookie: JSESSIONID=ajax:6904379775150166862; SameSite=None; Path=/; Domain=.www.linkedin.com; Secure[\r][\n]"
[main] DEBUG org.apache.http.wire  -  << "Set-Cookie: lang=v=2&lang=en-us; SameSite=None; Path=/; Domain=linkedin.com; Secure[\r][\n]"
[main] DEBUG org.apache.http.wire  -  << "Set-Cookie: bcookie="v=2&54f29a30-a9e2-4116-805a-96f2e46d056b"; domain=.linkedin.com; Path=/; Secure; Expires=Fri, 01-Sep-2023 04:50:50 GMT; SameSite=None[\r][\n]"
[main] DEBUG org.apache.http.wire  -  << "Set-Cookie: bscookie="v=1&20210831171318534a8d55-ed7c-48bd-8bee-f2a3d3240191AQGABwXS6Be-EuPiHm5TuTJHIUnBNNyj"; domain=.www.linkedin.com; Path=/; Secure; Expires=Fri, 01-Sep-2023 04:50:50 GMT; HttpOnly; SameSite=None[\r][\n]"
[main] DEBUG org.apache.http.wire  -  << "Set-Cookie: lidc="b=OGST07:s=O:r=O:a=O:p=O:g=2092:u=1:x=1:i=1630429998:t=1630516398:v=2:sig=AQEfoYzzxb8lu6uENmCU-n28PWeT5jgr"; Expires=Wed, 01 Sep 2021 17:13:18 GMT; domain=.linkedin.com; Path=/; SameSite=None; Secure[\r][\n]"
[main] DEBUG org.apache.http.wire  -  << "Content-Security-Policy: default-src *; connect-src 'self' https://media-src.linkedin.com/media/ wss://*.linkedin.com static.licdn.com static-exp1.licdn.com static-exp2.licdn.com static-exp3.licdn.com media.licdn.com media-exp1.licdn.com media-exp2.licdn.com media-exp3.licdn.com; img-src data: blob: *; font-src data: *; style-src 'unsafe-inline' 'self' static-src.linkedin.com *.licdn.com; script-src 'report-sample' 'unsafe-inline' 'unsafe-eval' 'self' spdy.linkedin.com static-src.linkedin.com *.ads.linkedin.com *.licdn.com platform.linkedin.com platform-akam.linkedin.com platform-ecst.linkedin.com platform-azur.linkedin.com; object-src 'none'; media-src blob: *; frame-ancestors http://*.adnxs.com https://*.adnxs.com http://*.linkedin.com https://*.linkedin.com http://*.slideshare.net https://*.slideshare.net https://*.msn.com http://*.msn.com http://*.outlook.com https://*.outlook.com translate.googleusercontent.com pemberly.www.linkedin.com:4443; report-uri /security/csp?f=ad[\r][\n]"
[main] DEBUG org.apache.http.wire  -  << "X-Frame-Options: sameorigin[\r][\n]"
[main] DEBUG org.apache.http.wire  -  << "X-Content-Type-Options: nosniff[\r][\n]"
[main] DEBUG org.apache.http.wire  -  << "Strict-Transport-Security: max-age=31536000[\r][\n]"
[main] DEBUG org.apache.http.wire  -  << "Expect-CT: max-age=86400, report-uri="https://www.linkedin.com/platform-telemetry/ct"[\r][\n]"
[main] DEBUG org.apache.http.wire  -  << "X-Li-Fabric: prod-lor1[\r][\n]"
[main] DEBUG org.apache.http.wire  -  << "X-Li-Pop: afd-prod-esv5[\r][\n]"
[main] DEBUG org.apache.http.wire  -  << "X-Li-Proto: http/1.1[\r][\n]"
[main] DEBUG org.apache.http.wire  -  << "X-LI-UUID: u0CUD3JzoBawAIyhLSsAAA==[\r][\n]"
[main] DEBUG org.apache.http.wire  -  << "X-Cache: CONFIG_NOCACHE[\r][\n]"
[main] DEBUG org.apache.http.wire  -  << "X-MSEdge-Ref: Ref A: 6DC740218F4545F598DF95F600D49A6B Ref B: BUE30EDGE0120 Ref C: 2021-08-31T17:13:18Z[\r][\n]"
[main] DEBUG org.apache.http.wire  -  << "Date: Tue, 31 Aug 2021 17:13:18 GMT[\r][\n]"
[main] DEBUG org.apache.http.wire  -  << "[\r][\n]"
[main] DEBUG org.apache.http.impl.conn.DefaultClientConnection  - Receiving response: HTTP/1.1 204 No Content
[main] DEBUG org.apache.http.headers  - << HTTP/1.1 204 No Content
[main] DEBUG org.apache.http.headers  - << Cache-Control: no-store, private
[main] DEBUG org.apache.http.headers  - << Pragma: no-cache
[main] DEBUG org.apache.http.headers  - << Set-Cookie: JSESSIONID=ajax:6904379775150166862; SameSite=None; Path=/; Domain=.www.linkedin.com; Secure
[main] DEBUG org.apache.http.headers  - << Set-Cookie: lang=v=2&lang=en-us; SameSite=None; Path=/; Domain=linkedin.com; Secure
[main] DEBUG org.apache.http.headers  - << Set-Cookie: bcookie="v=2&54f29a30-a9e2-4116-805a-96f2e46d056b"; domain=.linkedin.com; Path=/; Secure; Expires=Fri, 01-Sep-2023 04:50:50 GMT; SameSite=None
[main] DEBUG org.apache.http.headers  - << Set-Cookie: bscookie="v=1&20210831171318534a8d55-ed7c-48bd-8bee-f2a3d3240191AQGABwXS6Be-EuPiHm5TuTJHIUnBNNyj"; domain=.www.linkedin.com; Path=/; Secure; Expires=Fri, 01-Sep-2023 04:50:50 GMT; HttpOnly; SameSite=None
[main] DEBUG org.apache.http.headers  - << Set-Cookie: lidc="b=OGST07:s=O:r=O:a=O:p=O:g=2092:u=1:x=1:i=1630429998:t=1630516398:v=2:sig=AQEfoYzzxb8lu6uENmCU-n28PWeT5jgr"; Expires=Wed, 01 Sep 2021 17:13:18 GMT; domain=.linkedin.com; Path=/; SameSite=None; Secure
[main] DEBUG org.apache.http.headers  - << Content-Security-Policy: default-src *; connect-src 'self' https://media-src.linkedin.com/media/ wss://*.linkedin.com static.licdn.com static-exp1.licdn.com static-exp2.licdn.com static-exp3.licdn.com media.licdn.com media-exp1.licdn.com media-exp2.licdn.com media-exp3.licdn.com; img-src data: blob: *; font-src data: *; style-src 'unsafe-inline' 'self' static-src.linkedin.com *.licdn.com; script-src 'report-sample' 'unsafe-inline' 'unsafe-eval' 'self' spdy.linkedin.com static-src.linkedin.com *.ads.linkedin.com *.licdn.com platform.linkedin.com platform-akam.linkedin.com platform-ecst.linkedin.com platform-azur.linkedin.com; object-src 'none'; media-src blob: *; frame-ancestors http://*.adnxs.com https://*.adnxs.com http://*.linkedin.com https://*.linkedin.com http://*.slideshare.net https://*.slideshare.net https://*.msn.com http://*.msn.com http://*.outlook.com https://*.outlook.com translate.googleusercontent.com pemberly.www.linkedin.com:4443; report-uri /security/csp?f=ad
[main] DEBUG org.apache.http.headers  - << X-Frame-Options: sameorigin
[main] DEBUG org.apache.http.headers  - << X-Content-Type-Options: nosniff
[main] DEBUG org.apache.http.headers  - << Strict-Transport-Security: max-age=31536000
[main] DEBUG org.apache.http.headers  - << Expect-CT: max-age=86400, report-uri="https://www.linkedin.com/platform-telemetry/ct"
[main] DEBUG org.apache.http.headers  - << X-Li-Fabric: prod-lor1
[main] DEBUG org.apache.http.headers  - << X-Li-Pop: afd-prod-esv5
[main] DEBUG org.apache.http.headers  - << X-Li-Proto: http/1.1
[main] DEBUG org.apache.http.headers  - << X-LI-UUID: u0CUD3JzoBawAIyhLSsAAA==
[main] DEBUG org.apache.http.headers  - << X-Cache: CONFIG_NOCACHE
[main] DEBUG org.apache.http.headers  - << X-MSEdge-Ref: Ref A: 6DC740218F4545F598DF95F600D49A6B Ref B: BUE30EDGE0120 Ref C: 2021-08-31T17:13:18Z
[main] DEBUG org.apache.http.headers  - << Date: Tue, 31 Aug 2021 17:13:18 GMT
[main] DEBUG org.apache.http.impl.client.DefaultHttpClient  - Connection can be kept alive indefinitely
[main] DEBUG org.apache.http.impl.conn.BasicClientConnectionManager  - Releasing connection org.apache.http.impl.conn.ManagedClientConnectionImpl@76c548f
[main] DEBUG org.apache.http.impl.conn.BasicClientConnectionManager  - Connection can be kept alive indefinitely
[main] DEBUG org.apache.http.impl.conn.BasicClientConnectionManager  - Get connection for route {s}->https://www.linkedin.com:443
[main] DEBUG org.apache.http.impl.conn.DefaultClientConnectionOperator  - Connecting to www.linkedin.com:443
[main] DEBUG org.apache.http.client.protocol.RequestAddCookies  - CookieSpec selected: ignoreCookies
[main] DEBUG org.apache.http.client.protocol.RequestAuthCache  - Auth cache not set in the context
[main] DEBUG org.apache.http.client.protocol.RequestTargetAuthentication  - Target auth state: UNCHALLENGED
[main] DEBUG org.apache.http.client.protocol.RequestProxyAuthentication  - Proxy auth state: UNCHALLENGED
[main] DEBUG org.apache.http.impl.client.DefaultHttpClient  - Attempt 1 to execute request
[main] DEBUG org.apache.http.impl.conn.DefaultClientConnection  - Sending request: GET /in/nicol%C3%A1s-rufino-b61960211/ HTTP/1.1
[main] DEBUG org.apache.http.wire  -  >> "GET /in/nicol%C3%A1s-rufino-b61960211/ HTTP/1.1[\r][\n]"
[main] DEBUG org.apache.http.wire  -  >> "Accept: */*[\r][\n]"
[main] DEBUG org.apache.http.wire  -  >> "Host: www.linkedin.com[\r][\n]"
[main] DEBUG org.apache.http.wire  -  >> "Connection: Keep-Alive[\r][\n]"
[main] DEBUG org.apache.http.wire  -  >> "User-Agent: Apache-HttpClient/4.5.13 (Java/11.0.12)[\r][\n]"
[main] DEBUG org.apache.http.wire  -  >> "Accept-Encoding: gzip,deflate[\r][\n]"
[main] DEBUG org.apache.http.wire  -  >> "[\r][\n]"
[main] DEBUG org.apache.http.headers  - >> GET /in/nicol%C3%A1s-rufino-b61960211/ HTTP/1.1
[main] DEBUG org.apache.http.headers  - >> Accept: */*
[main] DEBUG org.apache.http.headers  - >> Host: www.linkedin.com
[main] DEBUG org.apache.http.headers  - >> Connection: Keep-Alive
[main] DEBUG org.apache.http.headers  - >> User-Agent: Apache-HttpClient/4.5.13 (Java/11.0.12)
[main] DEBUG org.apache.http.headers  - >> Accept-Encoding: gzip,deflate
[main] DEBUG org.apache.http.wire  -  << "HTTP/1.1 301 Moved Permanently[\r][\n]"
[main] DEBUG org.apache.http.wire  -  << "Cache-Control: no-cache, no-store[\r][\n]"
[main] DEBUG org.apache.http.wire  -  << "Pragma: no-cache[\r][\n]"
[main] DEBUG org.apache.http.wire  -  << "Expires: Thu, 01 Jan 1970 00:00:00 GMT[\r][\n]"
[main] DEBUG org.apache.http.wire  -  << "Location: https://ar.linkedin.com/in/nicol%C3%A1s-rufino-b61960211[\r][\n]"
[main] DEBUG org.apache.http.wire  -  << "Set-Cookie: JSESSIONID=ajax:4607871167002226457; SameSite=None; Path=/; Domain=.www.linkedin.com; Secure[\r][\n]"
[main] DEBUG org.apache.http.wire  -  << "Set-Cookie: lang=v=2&lang=en-us; SameSite=None; Path=/; Domain=linkedin.com; Secure[\r][\n]"
[main] DEBUG org.apache.http.wire  -  << "Set-Cookie: bcookie="v=2&d71ceda7-75ac-416a-824a-16f6f6dde299"; domain=.linkedin.com; Path=/; Secure; Expires=Fri, 01-Sep-2023 04:52:44 GMT; SameSite=None[\r][\n]"
[main] DEBUG org.apache.http.wire  -  << "Set-Cookie: bscookie="v=1&2021083117151213fa71fb-6679-40b9-8c41-f9aba50e9263AQH6lrEOxk8Kq9AKUQ_idygyG4eTwYar"; domain=.www.linkedin.com; Path=/; Secure; Expires=Fri, 01-Sep-2023 04:52:44 GMT; HttpOnly; SameSite=None[\r][\n]"
[main] DEBUG org.apache.http.wire  -  << "Set-Cookie: lidc="b=VGST07:s=V:r=V:a=V:p=V:g=2158:u=1:x=1:i=1630430112:t=1630516512:v=2:sig=AQE5ml-8phcxwmTatsD3azBtYESUiVOC"; Expires=Wed, 01 Sep 2021 17:15:12 GMT; domain=.linkedin.com; Path=/; SameSite=None; Secure[\r][\n]"
[main] DEBUG org.apache.http.wire  -  << "X-FS-UUID: d8df80748c73a016d07c3496792b0000[\r][\n]"
[main] DEBUG org.apache.http.wire  -  << "Content-Security-Policy: default-src 'none'; connect-src 'self' www.linkedin.com www.google-analytics.com https://dpm.demdex.net/id lnkd.demdex.net blob: https://accounts.google.com/gsi/ https://linkedin.sc.omtrdc.net/b/ss/ static.licdn.com static-exp1.licdn.com static-exp2.licdn.com static-exp3.licdn.com; script-src 'sha256-DwtT8+ZZKpxH9pqZNAmJ3GdbLAh5SsYaXR3omTXPCns=' 'sha256-sV9jZa797T0QWBzcU/CNd4tpBhTnh+TFdLnfjlitl28=' 'sha256-aa/Q8CRBDSqTQbCIyioPhZaz+G+dbPyu7BzsjInEmiU=' 'sha256-THuVhwbXPeTR0HszASqMOnIyxqEgvGyBwSPBKBF/iMc=' 'sha256-zTIusdVJJeXz9+iox2a+pdDglzbpRpFVRzEwvW4AONk=' 'sha256-iC8MPqNLw0FDnsBf4DlSkFLNTwhkI85aouiAEB819ic=' 'sha256-2EqrEvcPzl8c6/TSGVvaVMEe7lg700MAz/te4/3kTYY=' 'sha256-y5uW69VItKj51mcc7UD9qfptDVUqicZL+bItEpvVNDw=' 'sha256-PyCXNcEkzRWqbiNr087fizmiBBrq9O6GGD8eV3P09Ik=' 'sha256-2SQ55Erm3CPCb+k03EpNxU9bdV3XL9TnVTriDs7INZ4=' 'sha256-S/KSPe186K/1B0JEjbIXcCdpB97krdzX05S+dHnQjUs=' snap.licdn.com platform.linkedin.com platform-akam.linkedin.com platform-ecst.linkedin.com platform-azur.linkedin.com static.licdn.com static-exp1.licdn.com static-exp2.licdn.com static-exp3.licdn.com; img-src data: blob: * android-webview-video-poster:; font-src data: *; style-src 'self' 'unsafe-inline' static.licdn.com static-exp1.licdn.com static-exp2.licdn.com static-exp3.licdn.com; media-src dms.licdn.com *.lynda.com; child-src blob: lnkd-communities: voyager: *; frame-src 'self' https://www.youtube.com/embed/ https://www.youtube-nocookie.com/embed/ lnkd.demdex.net https://smartlock.google.com/ https://accounts.google.com/ linkedin.cdn.qualaroo.com player.vimeo.com www.linkedin.com www.slideshare.net *.megaphone.fm msit.powerbi.com app.powerbi.com linkedin.github.io https://*.licdn.com; manifest-src 'self'; report-uri /security/csp?f=gg[\r][\n]"
[main] DEBUG org.apache.http.wire  -  << "X-Frame-Options: sameorigin[\r][\n]"
[main] DEBUG org.apache.http.wire  -  << "X-Content-Type-Options: nosniff[\r][\n]"
[main] DEBUG org.apache.http.wire  -  << "Strict-Transport-Security: max-age=31536000[\r][\n]"
[main] DEBUG org.apache.http.wire  -  << "Expect-CT: max-age=86400, report-uri="https://www.linkedin.com/platform-telemetry/ct"[\r][\n]"
[main] DEBUG org.apache.http.wire  -  << "X-Li-Fabric: prod-lva1[\r][\n]"
[main] DEBUG org.apache.http.wire  -  << "Report-To: {"group":"network-errors","max_age":2592000,"endpoints":[{"url":"https://www.linkedin.com/li/rep"}],"include_subdomains":true}[\r][\n]"
[main] DEBUG org.apache.http.wire  -  << "NEL: {"report_to":"network-errors","max_age":1296000,"success_fraction":0.00066,"failure_fraction":1,"include_subdomains":true}[\r][\n]"
[main] DEBUG org.apache.http.wire  -  << "X-Li-Pop: afd-prod-lva1[\r][\n]"
[main] DEBUG org.apache.http.wire  -  << "X-Li-Proto: http/1.1[\r][\n]"
[main] DEBUG org.apache.http.wire  -  << "X-LI-UUID: 2N+AdIxzoBbQfDSWeSsAAA==[\r][\n]"
[main] DEBUG org.apache.http.wire  -  << "X-Cache: CONFIG_NOCACHE[\r][\n]"
[main] DEBUG org.apache.http.wire  -  << "X-MSEdge-Ref: Ref A: 6E70DFFD867C4BD5938D6DCBE2DB69B3 Ref B: BUE30EDGE0115 Ref C: 2021-08-31T17:15:12Z[\r][\n]"
[main] DEBUG org.apache.http.wire  -  << "Date: Tue, 31 Aug 2021 17:15:12 GMT[\r][\n]"
[main] DEBUG org.apache.http.wire  -  << "Content-Length: 0[\r][\n]"
[main] DEBUG org.apache.http.wire  -  << "[\r][\n]"
[main] DEBUG org.apache.http.impl.conn.DefaultClientConnection  - Receiving response: HTTP/1.1 301 Moved Permanently
[main] DEBUG org.apache.http.headers  - << HTTP/1.1 301 Moved Permanently
[main] DEBUG org.apache.http.headers  - << Cache-Control: no-cache, no-store
[main] DEBUG org.apache.http.headers  - << Pragma: no-cache
[main] DEBUG org.apache.http.headers  - << Expires: Thu, 01 Jan 1970 00:00:00 GMT
[main] DEBUG org.apache.http.headers  - << Location: https://ar.linkedin.com/in/nicol%C3%A1s-rufino-b61960211
[main] DEBUG org.apache.http.headers  - << Set-Cookie: JSESSIONID=ajax:4607871167002226457; SameSite=None; Path=/; Domain=.www.linkedin.com; Secure
[main] DEBUG org.apache.http.headers  - << Set-Cookie: lang=v=2&lang=en-us; SameSite=None; Path=/; Domain=linkedin.com; Secure
[main] DEBUG org.apache.http.headers  - << Set-Cookie: bcookie="v=2&d71ceda7-75ac-416a-824a-16f6f6dde299"; domain=.linkedin.com; Path=/; Secure; Expires=Fri, 01-Sep-2023 04:52:44 GMT; SameSite=None
[main] DEBUG org.apache.http.headers  - << Set-Cookie: bscookie="v=1&2021083117151213fa71fb-6679-40b9-8c41-f9aba50e9263AQH6lrEOxk8Kq9AKUQ_idygyG4eTwYar"; domain=.www.linkedin.com; Path=/; Secure; Expires=Fri, 01-Sep-2023 04:52:44 GMT; HttpOnly; SameSite=None
[main] DEBUG org.apache.http.headers  - << Set-Cookie: lidc="b=VGST07:s=V:r=V:a=V:p=V:g=2158:u=1:x=1:i=1630430112:t=1630516512:v=2:sig=AQE5ml-8phcxwmTatsD3azBtYESUiVOC"; Expires=Wed, 01 Sep 2021 17:15:12 GMT; domain=.linkedin.com; Path=/; SameSite=None; Secure
[main] DEBUG org.apache.http.headers  - << X-FS-UUID: d8df80748c73a016d07c3496792b0000
[main] DEBUG org.apache.http.headers  - << Content-Security-Policy: default-src 'none'; connect-src 'self' www.linkedin.com www.google-analytics.com https://dpm.demdex.net/id lnkd.demdex.net blob: https://accounts.google.com/gsi/ https://linkedin.sc.omtrdc.net/b/ss/ static.licdn.com static-exp1.licdn.com static-exp2.licdn.com static-exp3.licdn.com; script-src 'sha256-DwtT8+ZZKpxH9pqZNAmJ3GdbLAh5SsYaXR3omTXPCns=' 'sha256-sV9jZa797T0QWBzcU/CNd4tpBhTnh+TFdLnfjlitl28=' 'sha256-aa/Q8CRBDSqTQbCIyioPhZaz+G+dbPyu7BzsjInEmiU=' 'sha256-THuVhwbXPeTR0HszASqMOnIyxqEgvGyBwSPBKBF/iMc=' 'sha256-zTIusdVJJeXz9+iox2a+pdDglzbpRpFVRzEwvW4AONk=' 'sha256-iC8MPqNLw0FDnsBf4DlSkFLNTwhkI85aouiAEB819ic=' 'sha256-2EqrEvcPzl8c6/TSGVvaVMEe7lg700MAz/te4/3kTYY=' 'sha256-y5uW69VItKj51mcc7UD9qfptDVUqicZL+bItEpvVNDw=' 'sha256-PyCXNcEkzRWqbiNr087fizmiBBrq9O6GGD8eV3P09Ik=' 'sha256-2SQ55Erm3CPCb+k03EpNxU9bdV3XL9TnVTriDs7INZ4=' 'sha256-S/KSPe186K/1B0JEjbIXcCdpB97krdzX05S+dHnQjUs=' snap.licdn.com platform.linkedin.com platform-akam.linkedin.com platform-ecst.linkedin.com platform-azur.linkedin.com static.licdn.com static-exp1.licdn.com static-exp2.licdn.com static-exp3.licdn.com; img-src data: blob: * android-webview-video-poster:; font-src data: *; style-src 'self' 'unsafe-inline' static.licdn.com static-exp1.licdn.com static-exp2.licdn.com static-exp3.licdn.com; media-src dms.licdn.com *.lynda.com; child-src blob: lnkd-communities: voyager: *; frame-src 'self' https://www.youtube.com/embed/ https://www.youtube-nocookie.com/embed/ lnkd.demdex.net https://smartlock.google.com/ https://accounts.google.com/ linkedin.cdn.qualaroo.com player.vimeo.com www.linkedin.com www.slideshare.net *.megaphone.fm msit.powerbi.com app.powerbi.com linkedin.github.io https://*.licdn.com; manifest-src 'self'; report-uri /security/csp?f=gg
[main] DEBUG org.apache.http.headers  - << X-Frame-Options: sameorigin
[main] DEBUG org.apache.http.headers  - << X-Content-Type-Options: nosniff
[main] DEBUG org.apache.http.headers  - << Strict-Transport-Security: max-age=31536000
[main] DEBUG org.apache.http.headers  - << Expect-CT: max-age=86400, report-uri="https://www.linkedin.com/platform-telemetry/ct"
[main] DEBUG org.apache.http.headers  - << X-Li-Fabric: prod-lva1
[main] DEBUG org.apache.http.headers  - << Report-To: {"group":"network-errors","max_age":2592000,"endpoints":[{"url":"https://www.linkedin.com/li/rep"}],"include_subdomains":true}
[main] DEBUG org.apache.http.headers  - << NEL: {"report_to":"network-errors","max_age":1296000,"success_fraction":0.00066,"failure_fraction":1,"include_subdomains":true}
[main] DEBUG org.apache.http.headers  - << X-Li-Pop: afd-prod-lva1
[main] DEBUG org.apache.http.headers  - << X-Li-Proto: http/1.1
[main] DEBUG org.apache.http.headers  - << X-LI-UUID: 2N+AdIxzoBbQfDSWeSsAAA==
[main] DEBUG org.apache.http.headers  - << X-Cache: CONFIG_NOCACHE
[main] DEBUG org.apache.http.headers  - << X-MSEdge-Ref: Ref A: 6E70DFFD867C4BD5938D6DCBE2DB69B3 Ref B: BUE30EDGE0115 Ref C: 2021-08-31T17:15:12Z
[main] DEBUG org.apache.http.headers  - << Date: Tue, 31 Aug 2021 17:15:12 GMT
[main] DEBUG org.apache.http.headers  - << Content-Length: 0
[main] DEBUG org.apache.http.impl.client.DefaultHttpClient  - Connection can be kept alive indefinitely
[main] DEBUG org.apache.http.impl.client.DefaultRedirectStrategy  - Redirect requested to location 'https://ar.linkedin.com/in/nicol%C3%A1s-rufino-b61960211'
[main] DEBUG org.apache.http.impl.client.DefaultHttpClient  - Resetting target auth state
[main] DEBUG org.apache.http.impl.client.DefaultHttpClient  - Redirecting to 'https://ar.linkedin.com/in/nicol%C3%A1s-rufino-b61960211' via {s}->https://ar.linkedin.com:443
[main] DEBUG org.apache.http.impl.conn.BasicClientConnectionManager  - Releasing connection org.apache.http.impl.conn.ManagedClientConnectionImpl@74075134
[main] DEBUG org.apache.http.impl.conn.BasicClientConnectionManager  - Connection can be kept alive indefinitely
[main] DEBUG org.apache.http.impl.conn.BasicClientConnectionManager  - Get connection for route {s}->https://ar.linkedin.com:443
[main] DEBUG org.apache.http.impl.conn.DefaultClientConnection  - Connection 0.0.0.0:49809<->13.107.42.14:443 closed
[main] DEBUG org.apache.http.impl.conn.DefaultClientConnectionOperator  - Connecting to ar.linkedin.com:443
[main] DEBUG org.apache.http.client.protocol.RequestAddCookies  - CookieSpec selected: ignoreCookies
[main] DEBUG org.apache.http.client.protocol.RequestAuthCache  - Auth cache not set in the context
[main] DEBUG org.apache.http.client.protocol.RequestTargetAuthentication  - Target auth state: UNCHALLENGED
[main] DEBUG org.apache.http.client.protocol.RequestProxyAuthentication  - Proxy auth state: UNCHALLENGED
[main] DEBUG org.apache.http.impl.client.DefaultHttpClient  - Attempt 2 to execute request
[main] DEBUG org.apache.http.impl.conn.DefaultClientConnection  - Sending request: GET /in/nicol%C3%A1s-rufino-b61960211 HTTP/1.1
[main] DEBUG org.apache.http.wire  -  >> "GET /in/nicol%C3%A1s-rufino-b61960211 HTTP/1.1[\r][\n]"
[main] DEBUG org.apache.http.wire  -  >> "Accept: */*[\r][\n]"
[main] DEBUG org.apache.http.wire  -  >> "Host: ar.linkedin.com[\r][\n]"
[main] DEBUG org.apache.http.wire  -  >> "Connection: Keep-Alive[\r][\n]"
[main] DEBUG org.apache.http.wire  -  >> "User-Agent: Apache-HttpClient/4.5.13 (Java/11.0.12)[\r][\n]"
[main] DEBUG org.apache.http.wire  -  >> "Accept-Encoding: gzip,deflate[\r][\n]"
[main] DEBUG org.apache.http.wire  -  >> "[\r][\n]"
[main] DEBUG org.apache.http.headers  - >> GET /in/nicol%C3%A1s-rufino-b61960211 HTTP/1.1
[main] DEBUG org.apache.http.headers  - >> Accept: */*
[main] DEBUG org.apache.http.headers  - >> Host: ar.linkedin.com
[main] DEBUG org.apache.http.headers  - >> Connection: Keep-Alive
[main] DEBUG org.apache.http.headers  - >> User-Agent: Apache-HttpClient/4.5.13 (Java/11.0.12)
[main] DEBUG org.apache.http.headers  - >> Accept-Encoding: gzip,deflate
[main] DEBUG org.apache.http.wire  -  << "HTTP/1.1 999 Request denied[\r][\n]"
[main] DEBUG org.apache.http.wire  -  << "Date: Tue, 31 Aug 2021 17:15:13 GMT[\r][\n]"
[main] DEBUG org.apache.http.wire  -  << "Content-Security-Policy: default-src *; connect-src 'self' https://media-src.linkedin.com/media/ www.linkedin.com s.c.lnkd.licdn.com m.c.lnkd.licdn.com wss://*.linkedin.com dms.licdn.com https://dpm.demdex.net/id lnkd.demdex.net blob: https://accounts.google.com/gsi/status https://linkedin.sc.omtrdc.net/b/ss/ www.google-analytics.com static.licdn.com static-exp1.licdn.com static-exp2.licdn.com static-exp3.licdn.com media.licdn.com media-exp1.licdn.com media-exp2.licdn.com media-exp3.licdn.com; img-src data: blob: *; font-src data: *; style-src 'unsafe-inline' 'self' static-src.linkedin.com *.licdn.com; script-src 'report-sample' 'unsafe-inline' 'unsafe-eval' 'self' spdy.linkedin.com static-src.linkedin.com *.ads.linkedin.com *.licdn.com static.chartbeat.com www.google-analytics.com ssl.google-analytics.com bcvipva02.rightnowtech.com www.bizographics.com sjs.bizographics.com js.bizographics.com d.la4-c1-was.salesforceliveagent.com https://snap.licdn.com/li.lms-analytics/ platform.linkedin.com platform-akam.linkedin.com platform-ecst.linkedin.com platform-azur.linkedin.com; object-src 'none'; media-src blob: *; child-src blob: lnkd-communities: voyager: *; frame-ancestors 'self'[\r][\n]"
[main] DEBUG org.apache.http.wire  -  << "X-Frame-Options: sameorigin[\r][\n]"
[main] DEBUG org.apache.http.wire  -  << "X-Content-Type-Options: nosniff[\r][\n]"
[main] DEBUG org.apache.http.wire  -  << "Strict-Transport-Security: max-age=31536000[\r][\n]"
[main] DEBUG org.apache.http.wire  -  << "Expect-CT: max-age=86400, report-uri="https://www.linkedin.com/platform-telemetry/ct"[\r][\n]"
[main] DEBUG org.apache.http.wire  -  << "X-Li-Fabric: prod-lor1[\r][\n]"
[main] DEBUG org.apache.http.wire  -  << "Set-Cookie: bcookie="v=2&de33d3cd-8a1a-4bcc-8de6-d4ce0b7a1576"; domain=.linkedin.com; Path=/; Secure; Expires=Fri, 01-Sep-2023 04:52:45 GMT; SameSite=None[\r][\n]"
[main] DEBUG org.apache.http.wire  -  << "Set-Cookie: bscookie="v=1&20210831171513f7645b75-5498-494e-85ba-6f19db16cf1bAQGXemg-Uyy54EVUahI3-tSWwfhbonV4"; domain=.ar.linkedin.com; Path=/; Secure; Expires=Fri, 01-Sep-2023 04:52:45 GMT; HttpOnly; SameSite=None[\r][\n]"
[main] DEBUG org.apache.http.wire  -  << "Set-Cookie: lidc="b=OGST07:s=O:r=O:a=O:p=O:g=2092:u=1:x=1:i=1630430113:t=1630516513:v=2:sig=AQHh1Vn1b2ZfrCA2TauiOF_jtRtQvHPh"; Expires=Wed, 01 Sep 2021 17:15:13 GMT; domain=.linkedin.com; Path=/; SameSite=None; Secure[\r][\n]"
[main] DEBUG org.apache.http.wire  -  << "Set-Cookie: trkCode=gf; Max-Age=5[\r][\n]"
[main] DEBUG org.apache.http.wire  -  << "Set-Cookie: trkInfo=AQGoNDXDV6_eugAAAXudNSzoiadmcrkJ3cv40kB14taCHL0xoZfViQESFBDIKbzuctzwys9xjp9bBCZvwQzXg9JaoY8mQWCGPdvsyKTkvn6X9BuM83KzIv-5N81zNLEiib0FzUo=; Max-Age=5[\r][\n]"
[main] DEBUG org.apache.http.wire  -  << "Set-Cookie: rtc=AQFybOWfq5yfnAAAAXudNSzoKllRAlYChBiZjuY3yxe1gYSDspsoMpfM88_vEBlKUrAOrH133cN4TJyVw4hVSPdNz3PH-vB6vG5NoCLfHhS_GJdz-vagOK3kkPAIB5VHAl6EhGBBSBXzmfBHVpHugEgv8E5JOtGeOeu1iQu8Qk5cqVRhacjdOnD3_Pm1f3B4E2c5Dset17kco5SDNQ8tiY7x-Num5QHkdfTI2BDrAY3-WA1fzkDVjmWEWw==; Max-Age=120; path=/; domain=.linkedin.com[\r][\n]"
[main] DEBUG org.apache.http.wire  -  << "Content-Length: 1529[\r][\n]"
[main] DEBUG org.apache.http.wire  -  << "Content-Type: text/html[\r][\n]"
[main] DEBUG org.apache.http.wire  -  << "Connection: keep-alive[\r][\n]"
[main] DEBUG org.apache.http.wire  -  << "X-Li-Pop: prod-esv5[\r][\n]"
[main] DEBUG org.apache.http.wire  -  << "X-LI-Proto: http/1.1[\r][\n]"
[main] DEBUG org.apache.http.wire  -  << "Report-To: {"group":"network-errors","max_age":2592000,"endpoints":[{"url":"https://www.linkedin.com/li/rep"}],"include_subdomains":true}[\r][\n]"
[main] DEBUG org.apache.http.wire  -  << "NEL: {"report_to":"network-errors","max_age":1296000,"success_fraction":0.00066,"failure_fraction":1,"include_subdomains":true}[\r][\n]"
[main] DEBUG org.apache.http.wire  -  << "X-LI-UUID: I2o/xoxzoBbAGgf+1yoAAA==[\r][\n]"
[main] DEBUG org.apache.http.wire  -  << "[\r][\n]"
[main] DEBUG org.apache.http.impl.conn.DefaultClientConnection  - Receiving response: HTTP/1.1 999 Request denied
[main] DEBUG org.apache.http.headers  - << HTTP/1.1 999 Request denied
[main] DEBUG org.apache.http.headers  - << Date: Tue, 31 Aug 2021 17:15:13 GMT
[main] DEBUG org.apache.http.headers  - << Content-Security-Policy: default-src *; connect-src 'self' https://media-src.linkedin.com/media/ www.linkedin.com s.c.lnkd.licdn.com m.c.lnkd.licdn.com wss://*.linkedin.com dms.licdn.com https://dpm.demdex.net/id lnkd.demdex.net blob: https://accounts.google.com/gsi/status https://linkedin.sc.omtrdc.net/b/ss/ www.google-analytics.com static.licdn.com static-exp1.licdn.com static-exp2.licdn.com static-exp3.licdn.com media.licdn.com media-exp1.licdn.com media-exp2.licdn.com media-exp3.licdn.com; img-src data: blob: *; font-src data: *; style-src 'unsafe-inline' 'self' static-src.linkedin.com *.licdn.com; script-src 'report-sample' 'unsafe-inline' 'unsafe-eval' 'self' spdy.linkedin.com static-src.linkedin.com *.ads.linkedin.com *.licdn.com static.chartbeat.com www.google-analytics.com ssl.google-analytics.com bcvipva02.rightnowtech.com www.bizographics.com sjs.bizographics.com js.bizographics.com d.la4-c1-was.salesforceliveagent.com https://snap.licdn.com/li.lms-analytics/ platform.linkedin.com platform-akam.linkedin.com platform-ecst.linkedin.com platform-azur.linkedin.com; object-src 'none'; media-src blob: *; child-src blob: lnkd-communities: voyager: *; frame-ancestors 'self'
[main] DEBUG org.apache.http.headers  - << X-Frame-Options: sameorigin
[main] DEBUG org.apache.http.headers  - << X-Content-Type-Options: nosniff
[main] DEBUG org.apache.http.headers  - << Strict-Transport-Security: max-age=31536000
[main] DEBUG org.apache.http.headers  - << Expect-CT: max-age=86400, report-uri="https://www.linkedin.com/platform-telemetry/ct"
[main] DEBUG org.apache.http.headers  - << X-Li-Fabric: prod-lor1
[main] DEBUG org.apache.http.headers  - << Set-Cookie: bcookie="v=2&de33d3cd-8a1a-4bcc-8de6-d4ce0b7a1576"; domain=.linkedin.com; Path=/; Secure; Expires=Fri, 01-Sep-2023 04:52:45 GMT; SameSite=None
[main] DEBUG org.apache.http.headers  - << Set-Cookie: bscookie="v=1&20210831171513f7645b75-5498-494e-85ba-6f19db16cf1bAQGXemg-Uyy54EVUahI3-tSWwfhbonV4"; domain=.ar.linkedin.com; Path=/; Secure; Expires=Fri, 01-Sep-2023 04:52:45 GMT; HttpOnly; SameSite=None
[main] DEBUG org.apache.http.headers  - << Set-Cookie: lidc="b=OGST07:s=O:r=O:a=O:p=O:g=2092:u=1:x=1:i=1630430113:t=1630516513:v=2:sig=AQHh1Vn1b2ZfrCA2TauiOF_jtRtQvHPh"; Expires=Wed, 01 Sep 2021 17:15:13 GMT; domain=.linkedin.com; Path=/; SameSite=None; Secure
[main] DEBUG org.apache.http.headers  - << Set-Cookie: trkCode=gf; Max-Age=5
[main] DEBUG org.apache.http.headers  - << Set-Cookie: trkInfo=AQGoNDXDV6_eugAAAXudNSzoiadmcrkJ3cv40kB14taCHL0xoZfViQESFBDIKbzuctzwys9xjp9bBCZvwQzXg9JaoY8mQWCGPdvsyKTkvn6X9BuM83KzIv-5N81zNLEiib0FzUo=; Max-Age=5
[main] DEBUG org.apache.http.headers  - << Set-Cookie: rtc=AQFybOWfq5yfnAAAAXudNSzoKllRAlYChBiZjuY3yxe1gYSDspsoMpfM88_vEBlKUrAOrH133cN4TJyVw4hVSPdNz3PH-vB6vG5NoCLfHhS_GJdz-vagOK3kkPAIB5VHAl6EhGBBSBXzmfBHVpHugEgv8E5JOtGeOeu1iQu8Qk5cqVRhacjdOnD3_Pm1f3B4E2c5Dset17kco5SDNQ8tiY7x-Num5QHkdfTI2BDrAY3-WA1fzkDVjmWEWw==; Max-Age=120; path=/; domain=.linkedin.com
[main] DEBUG org.apache.http.headers  - << Content-Length: 1529
[main] DEBUG org.apache.http.headers  - << Content-Type: text/html
[main] DEBUG org.apache.http.headers  - << Connection: keep-alive
[main] DEBUG org.apache.http.headers  - << X-Li-Pop: prod-esv5
[main] DEBUG org.apache.http.headers  - << X-LI-Proto: http/1.1
[main] DEBUG org.apache.http.headers  - << Report-To: {"group":"network-errors","max_age":2592000,"endpoints":[{"url":"https://www.linkedin.com/li/rep"}],"include_subdomains":true}
[main] DEBUG org.apache.http.headers  - << NEL: {"report_to":"network-errors","max_age":1296000,"success_fraction":0.00066,"failure_fraction":1,"include_subdomains":true}
[main] DEBUG org.apache.http.headers  - << X-LI-UUID: I2o/xoxzoBbAGgf+1yoAAA==
[main] DEBUG org.apache.http.impl.client.DefaultHttpClient  - Connection can be kept alive indefinitely
[main] DEBUG io.restassured.internal.RequestSpecificationImpl$RestAssuredHttpBuilder  - Parsing response as: text/html
[main] DEBUG io.restassured.internal.RequestSpecificationImpl$RestAssuredHttpBuilder  - Parsed data to instance of: class org.apache.http.conn.EofSensorInputStream
[main] DEBUG org.apache.http.wire  -  << "<html><head>[\n]"
[main] DEBUG org.apache.http.wire  -  << "<script type="text/javascript">[\n]"
[main] DEBUG org.apache.http.wire  -  << "window.onload = function() {[\n]"
[main] DEBUG org.apache.http.wire  -  << "  // Parse the tracking code from cookies.[\n]"
[main] DEBUG org.apache.http.wire  -  << "  var trk = "bf";[\n]"
[main] DEBUG org.apache.http.wire  -  << "  var trkInfo = "bf";[\n]"
[main] DEBUG org.apache.http.wire  -  << "  var cookies = document.cookie.split("; ");[\n]"
[main] DEBUG org.apache.http.wire  -  << "  for (var i = 0; i < cookies.length; ++i) {[\n]"
[main] DEBUG org.apache.http.wire  -  << "    if ((cookies[i].indexOf("trkCode=") == 0) && (cookies[i].length > 8)) {[\n]"
[main] DEBUG org.apache.http.wire  -  << "      trk = cookies[i].substring(8);[\n]"
[main] DEBUG org.apache.http.wire  -  << "    }[\n]"
[main] DEBUG org.apache.http.wire  -  << "    else if ((cookies[i].indexOf("trkInfo=") == 0) && (cookies[i].length > 8)) {[\n]"
[main] DEBUG org.apache.http.wire  -  << "      trkInfo = cookies[i].substring(8);[\n]"
[main] DEBUG org.apache.http.wire  -  << "    }[\n]"
[main] DEBUG org.apache.http.wire  -  << "  }[\n]"
[main] DEBUG org.apache.http.wire  -  << "[\n]"
[main] DEBUG org.apache.http.wire  -  << "  if (window.location.protocol == "http:") {[\n]"
[main] DEBUG org.apache.http.wire  -  << "    // If "sl" cookie is set, redirect to https.[\n]"
[main] DEBUG org.apache.http.wire  -  << "    for (var i = 0; i < cookies.length; ++i) {[\n]"
[main] DEBUG org.apache.http.wire  -  << "      if ((cookies[i].indexOf("sl=") == 0) && (cookies[i].length > 3)) {[\n]"
[main] DEBUG org.apache.http.wire  -  << "        window.location.href = "https:" + window.location.href.substring(window.location.protocol.length);[\n]"
[main] DEBUG org.apache.http.wire  -  << "        return;[\n]"
[main] DEBUG org.apache.http.wire  -  << "      }[\n]"
[main] DEBUG org.apache.http.wire  -  << "    }[\n]"
[main] DEBUG org.apache.http.wire  -  << "  }[\n]"
[main] DEBUG org.apache.http.wire  -  << "[\n]"
[main] DEBUG org.apache.http.wire  -  << "  // Get the new domain. For international domains such as[\n]"
[main] DEBUG org.apache.http.wire  -  << "  // fr.linkedin.com, we convert it to www.linkedin.com[\n]"
[main] DEBUG org.apache.http.wire  -  << "  // treat .cn similar to .com here[\n]"
[main] DEBUG org.apache.http.wire  -  << "  var domain = location.host;[\n]"
[main] DEBUG org.apache.http.wire  -  << "  if (domain != "www.linkedin.com" && domain != "www.linkedin.cn") {[\n]"
[main] DEBUG org.apache.http.wire  -  << "    var subdomainIndex = location.host.indexOf(".linkedin");[\n]"
[main] DEBUG org.apache.http.wire  -  << "    if (subdomainIndex != -1) {[\n]"
[main] DEBUG org.apache.http.wire  -  << "      domain = "www" + location.host.substring(subdomainIndex);[\n]"
[main] DEBUG org.apache.http.wire  -  << "    }[\n]"
[main] DEBUG org.apache.http.wire  -  << "  }[\n]"
[main] DEBUG org.apache.http.wire  -  << "[\n]"
[main] DEBUG org.apache.http.wire  -  << "  window.location.href = "https://" + domain + "/authwall?trk=" + trk + "&trkInfo=" + trkInfo +[\n]"
[main] DEBUG org.apache.http.wire  -  << "      "&originalReferer=" + document.referrer.substr(0, 200) +[\n]"
[main] DEBUG org.apache.http.wire  -  << "      "&sessionRedirect=" + encodeURIComponent(window.location.href);[\n]"
[main] DEBUG org.apache.http.wire  -  << "}[\n]"
[main] DEBUG org.apache.http.wire  -  << "</script>[\n]"
[main] DEBUG org.apache.http.wire  -  << "</head></html>[\n]"
[main] DEBUG org.apache.http.impl.conn.BasicClientConnectionManager  - Releasing connection org.apache.http.impl.conn.ManagedClientConnectionImpl@f3021cb
[main] DEBUG org.apache.http.impl.conn.BasicClientConnectionManager  - Connection can be kept alive indefinitely
[main] DEBUG org.apache.http.impl.conn.BasicClientConnectionManager  - Get connection for route {s}->https://ar.linkedin.com:443
[main] DEBUG org.apache.http.impl.conn.DefaultClientConnectionOperator  - Connecting to ar.linkedin.com:443
[main] DEBUG org.apache.http.client.protocol.RequestAddCookies  - CookieSpec selected: ignoreCookies
[main] DEBUG org.apache.http.client.protocol.RequestAuthCache  - Auth cache not set in the context
[main] DEBUG org.apache.http.client.protocol.RequestTargetAuthentication  - Target auth state: UNCHALLENGED
[main] DEBUG org.apache.http.client.protocol.RequestProxyAuthentication  - Proxy auth state: UNCHALLENGED
[main] DEBUG org.apache.http.impl.client.DefaultHttpClient  - Attempt 1 to execute request
[main] DEBUG org.apache.http.impl.conn.DefaultClientConnection  - Sending request: GET /in/nicol%25C3%25A1s-rufino-b61960211 HTTP/1.1
[main] DEBUG org.apache.http.wire  -  >> "GET /in/nicol%25C3%25A1s-rufino-b61960211 HTTP/1.1[\r][\n]"
[main] DEBUG org.apache.http.wire  -  >> "Accept: */*[\r][\n]"
[main] DEBUG org.apache.http.wire  -  >> "Host: ar.linkedin.com[\r][\n]"
[main] DEBUG org.apache.http.wire  -  >> "Connection: Keep-Alive[\r][\n]"
[main] DEBUG org.apache.http.wire  -  >> "User-Agent: Apache-HttpClient/4.5.13 (Java/11.0.12)[\r][\n]"
[main] DEBUG org.apache.http.wire  -  >> "Accept-Encoding: gzip,deflate[\r][\n]"
[main] DEBUG org.apache.http.wire  -  >> "[\r][\n]"
[main] DEBUG org.apache.http.headers  - >> GET /in/nicol%25C3%25A1s-rufino-b61960211 HTTP/1.1
[main] DEBUG org.apache.http.headers  - >> Accept: */*
[main] DEBUG org.apache.http.headers  - >> Host: ar.linkedin.com
[main] DEBUG org.apache.http.headers  - >> Connection: Keep-Alive
[main] DEBUG org.apache.http.headers  - >> User-Agent: Apache-HttpClient/4.5.13 (Java/11.0.12)
[main] DEBUG org.apache.http.headers  - >> Accept-Encoding: gzip,deflate
[main] DEBUG org.apache.http.wire  -  << "HTTP/1.1 999 Request denied[\r][\n]"
[main] DEBUG org.apache.http.wire  -  << "Date: Tue, 31 Aug 2021 17:16:42 GMT[\r][\n]"
[main] DEBUG org.apache.http.wire  -  << "Content-Security-Policy: default-src *; connect-src 'self' https://media-src.linkedin.com/media/ www.linkedin.com s.c.lnkd.licdn.com m.c.lnkd.licdn.com wss://*.linkedin.com dms.licdn.com https://dpm.demdex.net/id lnkd.demdex.net blob: https://accounts.google.com/gsi/status https://linkedin.sc.omtrdc.net/b/ss/ www.google-analytics.com static.licdn.com static-exp1.licdn.com static-exp2.licdn.com static-exp3.licdn.com media.licdn.com media-exp1.licdn.com media-exp2.licdn.com media-exp3.licdn.com; img-src data: blob: *; font-src data: *; style-src 'unsafe-inline' 'self' static-src.linkedin.com *.licdn.com; script-src 'report-sample' 'unsafe-inline' 'unsafe-eval' 'self' spdy.linkedin.com static-src.linkedin.com *.ads.linkedin.com *.licdn.com static.chartbeat.com www.google-analytics.com ssl.google-analytics.com bcvipva02.rightnowtech.com www.bizographics.com sjs.bizographics.com js.bizographics.com d.la4-c1-was.salesforceliveagent.com https://snap.licdn.com/li.lms-analytics/ platform.linkedin.com platform-akam.linkedin.com platform-ecst.linkedin.com platform-azur.linkedin.com; object-src 'none'; media-src blob: *; child-src blob: lnkd-communities: voyager: *; frame-ancestors 'self'[\r][\n]"
[main] DEBUG org.apache.http.wire  -  << "X-Frame-Options: sameorigin[\r][\n]"
[main] DEBUG org.apache.http.wire  -  << "X-Content-Type-Options: nosniff[\r][\n]"
[main] DEBUG org.apache.http.wire  -  << "Strict-Transport-Security: max-age=31536000[\r][\n]"
[main] DEBUG org.apache.http.wire  -  << "Expect-CT: max-age=86400, report-uri="https://www.linkedin.com/platform-telemetry/ct"[\r][\n]"
[main] DEBUG org.apache.http.wire  -  << "X-Li-Fabric: prod-lor1[\r][\n]"
[main] DEBUG org.apache.http.wire  -  << "Report-To: {"group":"network-errors","max_age":2592000,"endpoints":[{"url":"https://www.linkedin.com/li/rep"}],"include_subdomains":true}[\r][\n]"
[main] DEBUG org.apache.http.wire  -  << "NEL: {"report_to":"network-errors","max_age":1296000,"success_fraction":0.00066,"failure_fraction":1,"include_subdomains":true}[\r][\n]"
[main] DEBUG org.apache.http.wire  -  << "Set-Cookie: bcookie="v=2&59a2d6ff-9f5d-457e-8e1a-b085498f904b"; domain=.linkedin.com; Path=/; Secure; Expires=Fri, 01-Sep-2023 04:54:15 GMT; SameSite=None[\r][\n]"
[main] DEBUG org.apache.http.wire  -  << "Set-Cookie: bscookie="v=1&202108311716422b67b422-4f00-4be2-8b70-2f82cedfddf0AQGRTn9gsHeKKIt3QfINs3GEvUKypUcX"; domain=.ar.linkedin.com; Path=/; Secure; Expires=Fri, 01-Sep-2023 04:54:15 GMT; HttpOnly; SameSite=None[\r][\n]"
[main] DEBUG org.apache.http.wire  -  << "Set-Cookie: lidc="b=OGST07:s=O:r=O:a=O:p=O:g=2092:u=1:x=1:i=1630430203:t=1630516603:v=2:sig=AQHlTm9-BB5NVQPhKeKvTQq3Lj9jv-so"; Expires=Wed, 01 Sep 2021 17:16:43 GMT; domain=.linkedin.com; Path=/; SameSite=None; Secure[\r][\n]"
[main] DEBUG org.apache.http.wire  -  << "Set-Cookie: trkCode=gf; Max-Age=5[\r][\n]"
[main] DEBUG org.apache.http.wire  -  << "Set-Cookie: trkInfo=AQH50B-RkB29uQAAAXudNox4a5Xal_RUB10L0IuauKbx6lqA7PyfUkDG0aZHimFudpu1pneRlvOsQI7wVNsxRceSIK-dgwMisOECjufSwgpnld9iRYYTyCy3WnQEwEmUWjM12nA=; Max-Age=5[\r][\n]"
[main] DEBUG org.apache.http.wire  -  << "Set-Cookie: rtc=AQG7gwJ4VKm7kAAAAXudNox4hVPsHoA4S1GiXZhG8hJvOOsmK3HgaVK_-PTYJhwXtzMvxe1ImJwOXZC6jQpz5BbAHMuEPRGygrp7HtOvCPuyx85Dq39tm4juTG1SP4dseKTfkFAll6XdtMMcRaNGT65bBCG5CIHUp8OSxUQ7zafABWf0mDyMuveyqraZhQcSwmnQE2RoeQ7U3vT59r-xMQfxrdI4QAqV0ZGwgqddVJw0T8EfIO_iL7TNYQ==; Max-Age=120; path=/; domain=.linkedin.com[\r][\n]"
[main] DEBUG org.apache.http.wire  -  << "Content-Length: 1529[\r][\n]"
[main] DEBUG org.apache.http.wire  -  << "Content-Type: text/html[\r][\n]"
[main] DEBUG org.apache.http.wire  -  << "Connection: keep-alive[\r][\n]"
[main] DEBUG org.apache.http.wire  -  << "X-Li-Pop: prod-esv5[\r][\n]"
[main] DEBUG org.apache.http.wire  -  << "X-LI-Proto: http/1.1[\r][\n]"
[main] DEBUG org.apache.http.wire  -  << "X-LI-UUID: iYq8k6FzoBYAzQ2UaCsAAA==[\r][\n]"
[main] DEBUG org.apache.http.wire  -  << "[\r][\n]"
[main] DEBUG org.apache.http.impl.conn.DefaultClientConnection  - Receiving response: HTTP/1.1 999 Request denied
[main] DEBUG org.apache.http.headers  - << HTTP/1.1 999 Request denied
[main] DEBUG org.apache.http.headers  - << Date: Tue, 31 Aug 2021 17:16:42 GMT
[main] DEBUG org.apache.http.headers  - << Content-Security-Policy: default-src *; connect-src 'self' https://media-src.linkedin.com/media/ www.linkedin.com s.c.lnkd.licdn.com m.c.lnkd.licdn.com wss://*.linkedin.com dms.licdn.com https://dpm.demdex.net/id lnkd.demdex.net blob: https://accounts.google.com/gsi/status https://linkedin.sc.omtrdc.net/b/ss/ www.google-analytics.com static.licdn.com static-exp1.licdn.com static-exp2.licdn.com static-exp3.licdn.com media.licdn.com media-exp1.licdn.com media-exp2.licdn.com media-exp3.licdn.com; img-src data: blob: *; font-src data: *; style-src 'unsafe-inline' 'self' static-src.linkedin.com *.licdn.com; script-src 'report-sample' 'unsafe-inline' 'unsafe-eval' 'self' spdy.linkedin.com static-src.linkedin.com *.ads.linkedin.com *.licdn.com static.chartbeat.com www.google-analytics.com ssl.google-analytics.com bcvipva02.rightnowtech.com www.bizographics.com sjs.bizographics.com js.bizographics.com d.la4-c1-was.salesforceliveagent.com https://snap.licdn.com/li.lms-analytics/ platform.linkedin.com platform-akam.linkedin.com platform-ecst.linkedin.com platform-azur.linkedin.com; object-src 'none'; media-src blob: *; child-src blob: lnkd-communities: voyager: *; frame-ancestors 'self'
[main] DEBUG org.apache.http.headers  - << X-Frame-Options: sameorigin
[main] DEBUG org.apache.http.headers  - << X-Content-Type-Options: nosniff
[main] DEBUG org.apache.http.headers  - << Strict-Transport-Security: max-age=31536000
[main] DEBUG org.apache.http.headers  - << Expect-CT: max-age=86400, report-uri="https://www.linkedin.com/platform-telemetry/ct"
[main] DEBUG org.apache.http.headers  - << X-Li-Fabric: prod-lor1
[main] DEBUG org.apache.http.headers  - << Report-To: {"group":"network-errors","max_age":2592000,"endpoints":[{"url":"https://www.linkedin.com/li/rep"}],"include_subdomains":true}
[main] DEBUG org.apache.http.headers  - << NEL: {"report_to":"network-errors","max_age":1296000,"success_fraction":0.00066,"failure_fraction":1,"include_subdomains":true}
[main] DEBUG org.apache.http.headers  - << Set-Cookie: bcookie="v=2&59a2d6ff-9f5d-457e-8e1a-b085498f904b"; domain=.linkedin.com; Path=/; Secure; Expires=Fri, 01-Sep-2023 04:54:15 GMT; SameSite=None
[main] DEBUG org.apache.http.headers  - << Set-Cookie: bscookie="v=1&202108311716422b67b422-4f00-4be2-8b70-2f82cedfddf0AQGRTn9gsHeKKIt3QfINs3GEvUKypUcX"; domain=.ar.linkedin.com; Path=/; Secure; Expires=Fri, 01-Sep-2023 04:54:15 GMT; HttpOnly; SameSite=None
[main] DEBUG org.apache.http.headers  - << Set-Cookie: lidc="b=OGST07:s=O:r=O:a=O:p=O:g=2092:u=1:x=1:i=1630430203:t=1630516603:v=2:sig=AQHlTm9-BB5NVQPhKeKvTQq3Lj9jv-so"; Expires=Wed, 01 Sep 2021 17:16:43 GMT; domain=.linkedin.com; Path=/; SameSite=None; Secure
[main] DEBUG org.apache.http.headers  - << Set-Cookie: trkCode=gf; Max-Age=5
[main] DEBUG org.apache.http.headers  - << Set-Cookie: trkInfo=AQH50B-RkB29uQAAAXudNox4a5Xal_RUB10L0IuauKbx6lqA7PyfUkDG0aZHimFudpu1pneRlvOsQI7wVNsxRceSIK-dgwMisOECjufSwgpnld9iRYYTyCy3WnQEwEmUWjM12nA=; Max-Age=5
[main] DEBUG org.apache.http.headers  - << Set-Cookie: rtc=AQG7gwJ4VKm7kAAAAXudNox4hVPsHoA4S1GiXZhG8hJvOOsmK3HgaVK_-PTYJhwXtzMvxe1ImJwOXZC6jQpz5BbAHMuEPRGygrp7HtOvCPuyx85Dq39tm4juTG1SP4dseKTfkFAll6XdtMMcRaNGT65bBCG5CIHUp8OSxUQ7zafABWf0mDyMuveyqraZhQcSwmnQE2RoeQ7U3vT59r-xMQfxrdI4QAqV0ZGwgqddVJw0T8EfIO_iL7TNYQ==; Max-Age=120; path=/; domain=.linkedin.com
[main] DEBUG org.apache.http.headers  - << Content-Length: 1529
[main] DEBUG org.apache.http.headers  - << Content-Type: text/html
[main] DEBUG org.apache.http.headers  - << Connection: keep-alive
[main] DEBUG org.apache.http.headers  - << X-Li-Pop: prod-esv5
[main] DEBUG org.apache.http.headers  - << X-LI-Proto: http/1.1
[main] DEBUG org.apache.http.headers  - << X-LI-UUID: iYq8k6FzoBYAzQ2UaCsAAA==
[main] DEBUG org.apache.http.impl.client.DefaultHttpClient  - Connection can be kept alive indefinitely
[main] DEBUG io.restassured.internal.RequestSpecificationImpl$RestAssuredHttpBuilder  - Parsing response as: text/html
[main] DEBUG io.restassured.internal.RequestSpecificationImpl$RestAssuredHttpBuilder  - Parsed data to instance of: class org.apache.http.conn.EofSensorInputStream
[main] DEBUG org.apache.http.wire  -  << "<html><head>[\n]"
[main] DEBUG org.apache.http.wire  -  << "<script type="text/javascript">[\n]"
[main] DEBUG org.apache.http.wire  -  << "window.onload = function() {[\n]"
[main] DEBUG org.apache.http.wire  -  << "  // Parse the tracking code from cookies.[\n]"
[main] DEBUG org.apache.http.wire  -  << "  var trk = "bf";[\n]"
[main] DEBUG org.apache.http.wire  -  << "  var trkInfo = "bf";[\n]"
[main] DEBUG org.apache.http.wire  -  << "  var cookies = document.cookie.split("; ");[\n]"
[main] DEBUG org.apache.http.wire  -  << "  for (var i = 0; i < cookies.length; ++i) {[\n]"
[main] DEBUG org.apache.http.wire  -  << "    if ((cookies[i].indexOf("trkCode=") == 0) && (cookies[i].length > 8)) {[\n]"
[main] DEBUG org.apache.http.wire  -  << "      trk = cookies[i].substring(8);[\n]"
[main] DEBUG org.apache.http.wire  -  << "    }[\n]"
[main] DEBUG org.apache.http.wire  -  << "    else if ((cookies[i].indexOf("trkInfo=") == 0) && (cookies[i].length > 8)) {[\n]"
[main] DEBUG org.apache.http.wire  -  << "      trkInfo = cookies[i].substring(8);[\n]"
[main] DEBUG org.apache.http.wire  -  << "    }[\n]"
[main] DEBUG org.apache.http.wire  -  << "  }[\n]"
[main] DEBUG org.apache.http.wire  -  << "[\n]"
[main] DEBUG org.apache.http.wire  -  << "  if (window.location.protocol == "http:") {[\n]"
[main] DEBUG org.apache.http.wire  -  << "    // If "sl" cookie is set, redirect to https.[\n]"
[main] DEBUG org.apache.http.wire  -  << "    for (var i = 0; i < cookies.length; ++i) {[\n]"
[main] DEBUG org.apache.http.wire  -  << "      if ((cookies[i].indexOf("sl=") == 0) && (cookies[i].length > 3)) {[\n]"
[main] DEBUG org.apache.http.wire  -  << "        window.location.href = "https:" + window.location.href.substring(window.location.protocol.length);[\n]"
[main] DEBUG org.apache.http.wire  -  << "        return;[\n]"
[main] DEBUG org.apache.http.wire  -  << "      }[\n]"
[main] DEBUG org.apache.http.wire  -  << "    }[\n]"
[main] DEBUG org.apache.http.wire  -  << "  }[\n]"
[main] DEBUG org.apache.http.wire  -  << "[\n]"
[main] DEBUG org.apache.http.wire  -  << "  // Get the new domain. For international domains such as[\n]"
[main] DEBUG org.apache.http.wire  -  << "  // fr.linkedin.com, we convert it to www.linkedin.com[\n]"
[main] DEBUG org.apache.http.wire  -  << "  // treat .cn similar to .com here[\n]"
[main] DEBUG org.apache.http.wire  -  << "  var domain = location.host;[\n]"
[main] DEBUG org.apache.http.wire  -  << "  if (domain != "www.linkedin.com" && domain != "www.linkedin.cn") {[\n]"
[main] DEBUG org.apache.http.wire  -  << "    var subdomainIndex = location.host.indexOf(".linkedin");[\n]"
[main] DEBUG org.apache.http.wire  -  << "    if (subdomainIndex != -1) {[\n]"
[main] DEBUG org.apache.http.wire  -  << "      domain = "www" + location.host.substring(subdomainIndex);[\n]"
[main] DEBUG org.apache.http.wire  -  << "    }[\n]"
[main] DEBUG org.apache.http.wire  -  << "  }[\n]"
[main] DEBUG org.apache.http.wire  -  << "[\n]"
[main] DEBUG org.apache.http.wire  -  << "  window.location.href = "https://" + domain + "/authwall?trk=" + trk + "&trkInfo=" + trkInfo +[\n]"
[main] DEBUG org.apache.http.wire  -  << "      "&originalReferer=" + document.referrer.substr(0, 200) +[\n]"
[main] DEBUG org.apache.http.wire  -  << "      "&sessionRedirect=" + encodeURIComponent(window.location.href);[\n]"
[main] DEBUG org.apache.http.wire  -  << "}[\n]"
[main] DEBUG org.apache.http.wire  -  << "</script>[\n]"
[main] DEBUG org.apache.http.wire  -  << "</head></html>[\n]"
[main] DEBUG org.apache.http.impl.conn.BasicClientConnectionManager  - Releasing connection org.apache.http.impl.conn.ManagedClientConnectionImpl@7e736350
[main] DEBUG org.apache.http.impl.conn.BasicClientConnectionManager  - Connection can be kept alive indefinitely
[main] DEBUG org.apache.http.impl.conn.BasicClientConnectionManager  - Get connection for route {s}->https://www.linkedin.com:443
[main] DEBUG org.apache.http.impl.conn.DefaultClientConnectionOperator  - Connecting to www.linkedin.com:443
[main] DEBUG org.apache.http.client.protocol.RequestAddCookies  - CookieSpec selected: ignoreCookies
[main] DEBUG org.apache.http.client.protocol.RequestAuthCache  - Auth cache not set in the context
[main] DEBUG org.apache.http.client.protocol.RequestTargetAuthentication  - Target auth state: UNCHALLENGED
[main] DEBUG org.apache.http.client.protocol.RequestProxyAuthentication  - Proxy auth state: UNCHALLENGED
[main] DEBUG org.apache.http.impl.client.DefaultHttpClient  - Attempt 1 to execute request
[main] DEBUG org.apache.http.impl.conn.DefaultClientConnection  - Sending request: GET /in/nicol%25C3%25A1s-rufino-b61960211 HTTP/1.1
[main] DEBUG org.apache.http.wire  -  >> "GET /in/nicol%25C3%25A1s-rufino-b61960211 HTTP/1.1[\r][\n]"
[main] DEBUG org.apache.http.wire  -  >> "Accept: */*[\r][\n]"
[main] DEBUG org.apache.http.wire  -  >> "Host: www.linkedin.com[\r][\n]"
[main] DEBUG org.apache.http.wire  -  >> "Connection: Keep-Alive[\r][\n]"
[main] DEBUG org.apache.http.wire  -  >> "User-Agent: Apache-HttpClient/4.5.13 (Java/11.0.12)[\r][\n]"
[main] DEBUG org.apache.http.wire  -  >> "Accept-Encoding: gzip,deflate[\r][\n]"
[main] DEBUG org.apache.http.wire  -  >> "[\r][\n]"
[main] DEBUG org.apache.http.headers  - >> GET /in/nicol%25C3%25A1s-rufino-b61960211 HTTP/1.1
[main] DEBUG org.apache.http.headers  - >> Accept: */*
[main] DEBUG org.apache.http.headers  - >> Host: www.linkedin.com
[main] DEBUG org.apache.http.headers  - >> Connection: Keep-Alive
[main] DEBUG org.apache.http.headers  - >> User-Agent: Apache-HttpClient/4.5.13 (Java/11.0.12)
[main] DEBUG org.apache.http.headers  - >> Accept-Encoding: gzip,deflate
[main] DEBUG org.apache.http.wire  -  << "HTTP/1.1 999 Request denied[\r][\n]"
[main] DEBUG org.apache.http.wire  -  << "Cache-Control: no-cache, no-store[\r][\n]"
[main] DEBUG org.apache.http.wire  -  << "Pragma: no-cache[\r][\n]"
[main] DEBUG org.apache.http.wire  -  << "Content-Length: 1529[\r][\n]"
[main] DEBUG org.apache.http.wire  -  << "Content-Type: text/html[\r][\n]"
[main] DEBUG org.apache.http.wire  -  << "Expires: Thu, 01 Jan 1970 00:00:00 GMT[\r][\n]"
[main] DEBUG org.apache.http.wire  -  << "Set-Cookie: bcookie="v=2&cfec719c-b5ea-49a5-83c0-a4966b0b1668"; domain=.linkedin.com; Path=/; Secure; Expires=Fri, 01-Sep-2023 04:55:50 GMT; SameSite=None[\r][\n]"
[main] DEBUG org.apache.http.wire  -  << "Set-Cookie: bscookie="v=1&20210831171818379daa7b-306d-45fc-80c3-71a8bd09df18AQGMU-oVmyNlwy12xNw_zP2eUQBlKJcL"; domain=.www.linkedin.com; Path=/; Secure; Expires=Fri, 01-Sep-2023 04:55:50 GMT; HttpOnly; SameSite=None[\r][\n]"
[main] DEBUG org.apache.http.wire  -  << "Set-Cookie: lidc="b=VGST07:s=V:r=V:a=V:p=V:g=2158:u=1:x=1:i=1630430298:t=1630516698:v=2:sig=AQHWFubnGVx_ajYlJRRJJiHktodioQfm"; Expires=Wed, 01 Sep 2021 17:18:18 GMT; domain=.linkedin.com; Path=/; SameSite=None; Secure[\r][\n]"
[main] DEBUG org.apache.http.wire  -  << "Set-Cookie: trkCode=gf; Max-Age=5[\r][\n]"
[main] DEBUG org.apache.http.wire  -  << "Set-Cookie: trkInfo=AQFiBHEPwjEGEAAAAXudN_-QnXWtU0EO0gfIl1d6azufhDuFs-f53JJuJxHKmLZnu2ogBuyHnYT0R2_DSAZoOhvAJ9cQrSyIRu70wLJjIQTA4MtDQdYCvbl1suKJOg3xPahflm4=; Max-Age=5[\r][\n]"
[main] DEBUG org.apache.http.wire  -  << "Set-Cookie: rtc=AQFzfac56_M-1QAAAXudN_-QdVLLswn9dvIR5-Oa5xLRehIVsSVjOCRHqkW8CgAYNKnVyc0kJXjIQR4g2sLlpH1l5u3egVj4Dcx7N0-L6R26uBJFPGwAokFIeNlwetFApuO-cQgOd9OcmfgeCP0uJGrxMMsQ9_TTwOK7JioOLScCnvjSIVqJbLFjxwC_dVSVOk8z4JFOaGN7rlzQMEJBfdhay8Nz3IF32XD4CJNrhPXYRkbB6pNUkjfR5Q==; Max-Age=120; path=/; domain=.linkedin.com[\r][\n]"
[main] DEBUG org.apache.http.wire  -  << "Content-Security-Policy: default-src *; connect-src 'self' https://media-src.linkedin.com/media/ www.linkedin.com s.c.lnkd.licdn.com m.c.lnkd.licdn.com wss://*.linkedin.com dms.licdn.com https://dpm.demdex.net/id lnkd.demdex.net blob: https://accounts.google.com/gsi/status https://linkedin.sc.omtrdc.net/b/ss/ www.google-analytics.com static.licdn.com static-exp1.licdn.com static-exp2.licdn.com static-exp3.licdn.com media.licdn.com media-exp1.licdn.com media-exp2.licdn.com media-exp3.licdn.com; img-src data: blob: *; font-src data: *; style-src 'unsafe-inline' 'self' static-src.linkedin.com *.licdn.com; script-src 'report-sample' 'unsafe-inline' 'unsafe-eval' 'self' spdy.linkedin.com static-src.linkedin.com *.ads.linkedin.com *.licdn.com static.chartbeat.com www.google-analytics.com ssl.google-analytics.com bcvipva02.rightnowtech.com www.bizographics.com sjs.bizographics.com js.bizographics.com d.la4-c1-was.salesforceliveagent.com https://snap.licdn.com/li.lms-analytics/ platform.linkedin.com platform-akam.linkedin.com platform-ecst.linkedin.com platform-azur.linkedin.com; object-src 'none'; media-src blob: *; child-src blob: lnkd-communities: voyager: *; frame-ancestors 'self'; report-uri /security/csp?f=l[\r][\n]"
[main] DEBUG org.apache.http.wire  -  << "X-Frame-Options: sameorigin[\r][\n]"
[main] DEBUG org.apache.http.wire  -  << "X-Content-Type-Options: nosniff[\r][\n]"
[main] DEBUG org.apache.http.wire  -  << "Strict-Transport-Security: max-age=31536000[\r][\n]"
[main] DEBUG org.apache.http.wire  -  << "Expect-CT: max-age=86400, report-uri="https://www.linkedin.com/platform-telemetry/ct"[\r][\n]"
[main] DEBUG org.apache.http.wire  -  << "X-Li-Fabric: prod-lva1[\r][\n]"
[main] DEBUG org.apache.http.wire  -  << "Report-To: {"group":"network-errors","max_age":2592000,"endpoints":[{"url":"https://www.linkedin.com/li/rep"}],"include_subdomains":true}[\r][\n]"
[main] DEBUG org.apache.http.wire  -  << "NEL: {"report_to":"network-errors","max_age":1296000,"success_fraction":0.00066,"failure_fraction":1,"include_subdomains":true}[\r][\n]"
[main] DEBUG org.apache.http.wire  -  << "X-Li-Pop: afd-prod-lva1[\r][\n]"
[main] DEBUG org.apache.http.wire  -  << "X-Li-Proto: http/1.1[\r][\n]"
[main] DEBUG org.apache.http.wire  -  << "X-LI-UUID: j4HNxbdzoBaAVUENRisAAA==[\r][\n]"
[main] DEBUG org.apache.http.wire  -  << "X-Cache: CONFIG_NOCACHE[\r][\n]"
[main] DEBUG org.apache.http.wire  -  << "X-MSEdge-Ref: Ref A: 98B04E1D454F4B3A9DF7C67D249D9548 Ref B: BUE30EDGE0114 Ref C: 2021-08-31T17:18:18Z[\r][\n]"
[main] DEBUG org.apache.http.wire  -  << "Date: Tue, 31 Aug 2021 17:18:17 GMT[\r][\n]"
[main] DEBUG org.apache.http.wire  -  << "[\r][\n]"
[main] DEBUG org.apache.http.impl.conn.DefaultClientConnection  - Receiving response: HTTP/1.1 999 Request denied
[main] DEBUG org.apache.http.headers  - << HTTP/1.1 999 Request denied
[main] DEBUG org.apache.http.headers  - << Cache-Control: no-cache, no-store
[main] DEBUG org.apache.http.headers  - << Pragma: no-cache
[main] DEBUG org.apache.http.headers  - << Content-Length: 1529
[main] DEBUG org.apache.http.headers  - << Content-Type: text/html
[main] DEBUG org.apache.http.headers  - << Expires: Thu, 01 Jan 1970 00:00:00 GMT
[main] DEBUG org.apache.http.headers  - << Set-Cookie: bcookie="v=2&cfec719c-b5ea-49a5-83c0-a4966b0b1668"; domain=.linkedin.com; Path=/; Secure; Expires=Fri, 01-Sep-2023 04:55:50 GMT; SameSite=None
[main] DEBUG org.apache.http.headers  - << Set-Cookie: bscookie="v=1&20210831171818379daa7b-306d-45fc-80c3-71a8bd09df18AQGMU-oVmyNlwy12xNw_zP2eUQBlKJcL"; domain=.www.linkedin.com; Path=/; Secure; Expires=Fri, 01-Sep-2023 04:55:50 GMT; HttpOnly; SameSite=None
[main] DEBUG org.apache.http.headers  - << Set-Cookie: lidc="b=VGST07:s=V:r=V:a=V:p=V:g=2158:u=1:x=1:i=1630430298:t=1630516698:v=2:sig=AQHWFubnGVx_ajYlJRRJJiHktodioQfm"; Expires=Wed, 01 Sep 2021 17:18:18 GMT; domain=.linkedin.com; Path=/; SameSite=None; Secure
[main] DEBUG org.apache.http.headers  - << Set-Cookie: trkCode=gf; Max-Age=5
[main] DEBUG org.apache.http.headers  - << Set-Cookie: trkInfo=AQFiBHEPwjEGEAAAAXudN_-QnXWtU0EO0gfIl1d6azufhDuFs-f53JJuJxHKmLZnu2ogBuyHnYT0R2_DSAZoOhvAJ9cQrSyIRu70wLJjIQTA4MtDQdYCvbl1suKJOg3xPahflm4=; Max-Age=5
[main] DEBUG org.apache.http.headers  - << Set-Cookie: rtc=AQFzfac56_M-1QAAAXudN_-QdVLLswn9dvIR5-Oa5xLRehIVsSVjOCRHqkW8CgAYNKnVyc0kJXjIQR4g2sLlpH1l5u3egVj4Dcx7N0-L6R26uBJFPGwAokFIeNlwetFApuO-cQgOd9OcmfgeCP0uJGrxMMsQ9_TTwOK7JioOLScCnvjSIVqJbLFjxwC_dVSVOk8z4JFOaGN7rlzQMEJBfdhay8Nz3IF32XD4CJNrhPXYRkbB6pNUkjfR5Q==; Max-Age=120; path=/; domain=.linkedin.com
[main] DEBUG org.apache.http.headers  - << Content-Security-Policy: default-src *; connect-src 'self' https://media-src.linkedin.com/media/ www.linkedin.com s.c.lnkd.licdn.com m.c.lnkd.licdn.com wss://*.linkedin.com dms.licdn.com https://dpm.demdex.net/id lnkd.demdex.net blob: https://accounts.google.com/gsi/status https://linkedin.sc.omtrdc.net/b/ss/ www.google-analytics.com static.licdn.com static-exp1.licdn.com static-exp2.licdn.com static-exp3.licdn.com media.licdn.com media-exp1.licdn.com media-exp2.licdn.com media-exp3.licdn.com; img-src data: blob: *; font-src data: *; style-src 'unsafe-inline' 'self' static-src.linkedin.com *.licdn.com; script-src 'report-sample' 'unsafe-inline' 'unsafe-eval' 'self' spdy.linkedin.com static-src.linkedin.com *.ads.linkedin.com *.licdn.com static.chartbeat.com www.google-analytics.com ssl.google-analytics.com bcvipva02.rightnowtech.com www.bizographics.com sjs.bizographics.com js.bizographics.com d.la4-c1-was.salesforceliveagent.com https://snap.licdn.com/li.lms-analytics/ platform.linkedin.com platform-akam.linkedin.com platform-ecst.linkedin.com platform-azur.linkedin.com; object-src 'none'; media-src blob: *; child-src blob: lnkd-communities: voyager: *; frame-ancestors 'self'; report-uri /security/csp?f=l
[main] DEBUG org.apache.http.headers  - << X-Frame-Options: sameorigin
[main] DEBUG org.apache.http.headers  - << X-Content-Type-Options: nosniff
[main] DEBUG org.apache.http.headers  - << Strict-Transport-Security: max-age=31536000
[main] DEBUG org.apache.http.headers  - << Expect-CT: max-age=86400, report-uri="https://www.linkedin.com/platform-telemetry/ct"
[main] DEBUG org.apache.http.headers  - << X-Li-Fabric: prod-lva1
[main] DEBUG org.apache.http.headers  - << Report-To: {"group":"network-errors","max_age":2592000,"endpoints":[{"url":"https://www.linkedin.com/li/rep"}],"include_subdomains":true}
[main] DEBUG org.apache.http.headers  - << NEL: {"report_to":"network-errors","max_age":1296000,"success_fraction":0.00066,"failure_fraction":1,"include_subdomains":true}
[main] DEBUG org.apache.http.headers  - << X-Li-Pop: afd-prod-lva1
[main] DEBUG org.apache.http.headers  - << X-Li-Proto: http/1.1
[main] DEBUG org.apache.http.headers  - << X-LI-UUID: j4HNxbdzoBaAVUENRisAAA==
[main] DEBUG org.apache.http.headers  - << X-Cache: CONFIG_NOCACHE
[main] DEBUG org.apache.http.headers  - << X-MSEdge-Ref: Ref A: 98B04E1D454F4B3A9DF7C67D249D9548 Ref B: BUE30EDGE0114 Ref C: 2021-08-31T17:18:18Z
[main] DEBUG org.apache.http.headers  - << Date: Tue, 31 Aug 2021 17:18:17 GMT
[main] DEBUG org.apache.http.impl.client.DefaultHttpClient  - Connection can be kept alive indefinitely
[main] DEBUG io.restassured.internal.RequestSpecificationImpl$RestAssuredHttpBuilder  - Parsing response as: text/html
[main] DEBUG io.restassured.internal.RequestSpecificationImpl$RestAssuredHttpBuilder  - Parsed data to instance of: class org.apache.http.conn.EofSensorInputStream
[main] DEBUG org.apache.http.wire  -  << "<html><head>[\n]"
[main] DEBUG org.apache.http.wire  -  << "<script type="text/javascript">[\n]"
[main] DEBUG org.apache.http.wire  -  << "window.onload = function() {[\n]"
[main] DEBUG org.apache.http.wire  -  << "  // Parse the tracking code from cookies.[\n]"
[main] DEBUG org.apache.http.wire  -  << "  var trk = "bf";[\n]"
[main] DEBUG org.apache.http.wire  -  << "  var trkInfo = "bf";[\n]"
[main] DEBUG org.apache.http.wire  -  << "  var cookies = document.cookie.split("; ");[\n]"
[main] DEBUG org.apache.http.wire  -  << "  for (var i = 0; i < cookies.length; ++i) {[\n]"
[main] DEBUG org.apache.http.wire  -  << "    if ((cookies[i].indexOf("trkCode=") == 0) && (cookies[i].length > 8)) {[\n]"
[main] DEBUG org.apache.http.wire  -  << "      trk = cookies[i].substring(8);[\n]"
[main] DEBUG org.apache.http.wire  -  << "    }[\n]"
[main] DEBUG org.apache.http.wire  -  << "    else if ((cookies[i].indexOf("trkInfo=") == 0) && (cookies[i].length > 8)) {[\n]"
[main] DEBUG org.apache.http.wire  -  << "      trkInfo = cookies[i].substring(8);[\n]"
[main] DEBUG org.apache.http.wire  -  << "    }[\n]"
[main] DEBUG org.apache.http.wire  -  << "  }[\n]"
[main] DEBUG org.apache.http.wire  -  << "[\n]"
[main] DEBUG org.apache.http.wire  -  << "  if (window.location.protocol == "http:") {[\n]"
[main] DEBUG org.apache.http.wire  -  << "    // If "sl" cookie is set, redirect to https.[\n]"
[main] DEBUG org.apache.http.wire  -  << "    for (var i = 0; i < cookies.length; ++i) {[\n]"
[main] DEBUG org.apache.http.wire  -  << "      if ((cookies[i].indexOf("sl=") == 0) && (cookies[i].length > 3)) {[\n]"
[main] DEBUG org.apache.http.wire  -  << "        window.location.href = "https:" + window.location.href.substring(window.location.protocol.length);[\n]"
[main] DEBUG org.apache.http.wire  -  << "        return;[\n]"
[main] DEBUG org.apache.http.wire  -  << "      }[\n]"
[main] DEBUG org.apache.http.wire  -  << "    }[\n]"
[main] DEBUG org.apache.http.wire  -  << "  }[\n]"
[main] DEBUG org.apache.http.wire  -  << "[\n]"
[main] DEBUG org.apache.http.wire  -  << "  // Get the new domain. For international domains such as[\n]"
[main] DEBUG org.apache.http.wire  -  << "  // fr.linkedin.com, we convert it to www.linkedin.com[\n]"
[main] DEBUG org.apache.http.wire  -  << "  // treat .cn similar to .com here[\n]"
[main] DEBUG org.apache.http.wire  -  << "  var domain = location.host;[\n]"
[main] DEBUG org.apache.http.wire  -  << "  if (domain != "www.linkedin.com" && domain != "www.linkedin.cn") {[\n]"
[main] DEBUG org.apache.http.wire  -  << "    var subdomainIndex = location.host.indexOf(".linkedin");[\n]"
[main] DEBUG org.apache.http.wire  -  << "    if (subdomainIndex != -1) {[\n]"
[main] DEBUG org.apache.http.wire  -  << "      domain = "www" + location.host.substring(subdomainIndex);[\n]"
[main] DEBUG org.apache.http.wire  -  << "    }[\n]"
[main] DEBUG org.apache.http.wire  -  << "  }[\n]"
[main] DEBUG org.apache.http.wire  -  << "[\n]"
[main] DEBUG org.apache.http.wire  -  << "  window.location.href = "https://" + domain + "/authwall?trk=" + trk + "&trkInfo=" + trkInfo +[\n]"
[main] DEBUG org.apache.http.wire  -  << "      "&originalReferer=" + document.referrer.substr(0, 200) +[\n]"
[main] DEBUG org.apache.http.wire  -  << "      "&sessionRedirect=" + encodeURIComponent(window.location.href);[\n]"
[main] DEBUG org.apache.http.wire  -  << "}[\n]"
[main] DEBUG org.apache.http.wire  -  << "</script>[\n]"
[main] DEBUG org.apache.http.wire  -  << "</head></html>[\n]"
[main] DEBUG org.apache.http.impl.conn.BasicClientConnectionManager  - Releasing connection org.apache.http.impl.conn.ManagedClientConnectionImpl@45f421c
[main] DEBUG org.apache.http.impl.conn.BasicClientConnectionManager  - Connection can be kept alive indefinitely
[main] DEBUG org.apache.http.impl.conn.BasicClientConnectionManager  - Get connection for route {s}->https://www.linkedin.com:443
[main] DEBUG org.apache.http.impl.conn.DefaultClientConnectionOperator  - Connecting to www.linkedin.com:443
[main] DEBUG org.apache.http.client.protocol.RequestAddCookies  - CookieSpec selected: ignoreCookies
[main] DEBUG org.apache.http.client.protocol.RequestAuthCache  - Auth cache not set in the context
[main] DEBUG org.apache.http.client.protocol.RequestTargetAuthentication  - Target auth state: UNCHALLENGED
[main] DEBUG org.apache.http.client.protocol.RequestProxyAuthentication  - Proxy auth state: UNCHALLENGED
[main] DEBUG org.apache.http.impl.client.DefaultHttpClient  - Attempt 1 to execute request
[main] DEBUG org.apache.http.impl.conn.DefaultClientConnection  - Sending request: GET /tscp-serving/dtag?sz=300x250&ti=1&p=1&c=1&z=search_people&pk=d_flagship3_search_srp_all&pz=BR HTTP/1.1
[main] DEBUG org.apache.http.wire  -  >> "GET /tscp-serving/dtag?sz=300x250&ti=1&p=1&c=1&z=search_people&pk=d_flagship3_search_srp_all&pz=BR HTTP/1.1[\r][\n]"
[main] DEBUG org.apache.http.wire  -  >> "Accept: */*[\r][\n]"
[main] DEBUG org.apache.http.wire  -  >> "Host: www.linkedin.com[\r][\n]"
[main] DEBUG org.apache.http.wire  -  >> "Connection: Keep-Alive[\r][\n]"
[main] DEBUG org.apache.http.wire  -  >> "User-Agent: Apache-HttpClient/4.5.13 (Java/11.0.12)[\r][\n]"
[main] DEBUG org.apache.http.wire  -  >> "Accept-Encoding: gzip,deflate[\r][\n]"
[main] DEBUG org.apache.http.wire  -  >> "[\r][\n]"
[main] DEBUG org.apache.http.headers  - >> GET /tscp-serving/dtag?sz=300x250&ti=1&p=1&c=1&z=search_people&pk=d_flagship3_search_srp_all&pz=BR HTTP/1.1
[main] DEBUG org.apache.http.headers  - >> Accept: */*
[main] DEBUG org.apache.http.headers  - >> Host: www.linkedin.com
[main] DEBUG org.apache.http.headers  - >> Connection: Keep-Alive
[main] DEBUG org.apache.http.headers  - >> User-Agent: Apache-HttpClient/4.5.13 (Java/11.0.12)
[main] DEBUG org.apache.http.headers  - >> Accept-Encoding: gzip,deflate
[main] DEBUG org.apache.http.wire  -  << "HTTP/1.1 204 No Content[\r][\n]"
[main] DEBUG org.apache.http.wire  -  << "Cache-Control: no-store, private[\r][\n]"
[main] DEBUG org.apache.http.wire  -  << "Pragma: no-cache[\r][\n]"
[main] DEBUG org.apache.http.wire  -  << "Set-Cookie: JSESSIONID=ajax:8023640364058068074; SameSite=None; Path=/; Domain=.www.linkedin.com; Secure[\r][\n]"
[main] DEBUG org.apache.http.wire  -  << "Set-Cookie: lang=v=2&lang=en-us; SameSite=None; Path=/; Domain=linkedin.com; Secure[\r][\n]"
[main] DEBUG org.apache.http.wire  -  << "Set-Cookie: bcookie="v=2&3ae14602-ecd8-48dc-8be3-d813e8de8674"; domain=.linkedin.com; Path=/; Secure; Expires=Fri, 01-Sep-2023 05:00:05 GMT; SameSite=None[\r][\n]"
[main] DEBUG org.apache.http.wire  -  << "Set-Cookie: bscookie="v=1&20210831172233d95fb320-0d32-454a-8737-1db3ae3a91e2AQFTjWIcecBqK6x2vSweSi0YXDkChWQQ"; domain=.www.linkedin.com; Path=/; Secure; Expires=Fri, 01-Sep-2023 05:00:05 GMT; HttpOnly; SameSite=None[\r][\n]"
[main] DEBUG org.apache.http.wire  -  << "Set-Cookie: lidc="b=OGST07:s=O:r=O:a=O:p=O:g=2092:u=1:x=1:i=1630430553:t=1630516953:v=2:sig=AQHcmBrjYQTLClejnfjQBDJK9OVnB-bT"; Expires=Wed, 01 Sep 2021 17:22:33 GMT; domain=.linkedin.com; Path=/; SameSite=None; Secure[\r][\n]"
[main] DEBUG org.apache.http.wire  -  << "Content-Security-Policy: default-src *; connect-src 'self' https://media-src.linkedin.com/media/ wss://*.linkedin.com static.licdn.com static-exp1.licdn.com static-exp2.licdn.com static-exp3.licdn.com media.licdn.com media-exp1.licdn.com media-exp2.licdn.com media-exp3.licdn.com; img-src data: blob: *; font-src data: *; style-src 'unsafe-inline' 'self' static-src.linkedin.com *.licdn.com; script-src 'report-sample' 'unsafe-inline' 'unsafe-eval' 'self' spdy.linkedin.com static-src.linkedin.com *.ads.linkedin.com *.licdn.com platform.linkedin.com platform-akam.linkedin.com platform-ecst.linkedin.com platform-azur.linkedin.com; object-src 'none'; media-src blob: *; frame-ancestors http://*.adnxs.com https://*.adnxs.com http://*.linkedin.com https://*.linkedin.com http://*.slideshare.net https://*.slideshare.net https://*.msn.com http://*.msn.com http://*.outlook.com https://*.outlook.com translate.googleusercontent.com pemberly.www.linkedin.com:4443; report-uri /security/csp?f=ad[\r][\n]"
[main] DEBUG org.apache.http.wire  -  << "X-Frame-Options: sameorigin[\r][\n]"
[main] DEBUG org.apache.http.wire  -  << "X-Content-Type-Options: nosniff[\r][\n]"
[main] DEBUG org.apache.http.wire  -  << "Strict-Transport-Security: max-age=31536000[\r][\n]"
[main] DEBUG org.apache.http.wire  -  << "Expect-CT: max-age=86400, report-uri="https://www.linkedin.com/platform-telemetry/ct"[\r][\n]"
[main] DEBUG org.apache.http.wire  -  << "X-Li-Fabric: prod-lor1[\r][\n]"
[main] DEBUG org.apache.http.wire  -  << "X-Li-Pop: afd-prod-lor1[\r][\n]"
[main] DEBUG org.apache.http.wire  -  << "X-Li-Proto: http/1.1[\r][\n]"
[main] DEBUG org.apache.http.wire  -  << "X-LI-UUID: LIpaKfNzoBZgk4YgxSoAAA==[\r][\n]"
[main] DEBUG org.apache.http.wire  -  << "X-Cache: CONFIG_NOCACHE[\r][\n]"
[main] DEBUG org.apache.http.wire  -  << "X-MSEdge-Ref: Ref A: AF954ED4C2F444C89305F8C1C7AD225F Ref B: BUE30EDGE0113 Ref C: 2021-08-31T17:22:33Z[\r][\n]"
[main] DEBUG org.apache.http.wire  -  << "Date: Tue, 31 Aug 2021 17:22:32 GMT[\r][\n]"
[main] DEBUG org.apache.http.wire  -  << "[\r][\n]"
[main] DEBUG org.apache.http.impl.conn.DefaultClientConnection  - Receiving response: HTTP/1.1 204 No Content
[main] DEBUG org.apache.http.headers  - << HTTP/1.1 204 No Content
[main] DEBUG org.apache.http.headers  - << Cache-Control: no-store, private
[main] DEBUG org.apache.http.headers  - << Pragma: no-cache
[main] DEBUG org.apache.http.headers  - << Set-Cookie: JSESSIONID=ajax:8023640364058068074; SameSite=None; Path=/; Domain=.www.linkedin.com; Secure
[main] DEBUG org.apache.http.headers  - << Set-Cookie: lang=v=2&lang=en-us; SameSite=None; Path=/; Domain=linkedin.com; Secure
[main] DEBUG org.apache.http.headers  - << Set-Cookie: bcookie="v=2&3ae14602-ecd8-48dc-8be3-d813e8de8674"; domain=.linkedin.com; Path=/; Secure; Expires=Fri, 01-Sep-2023 05:00:05 GMT; SameSite=None
[main] DEBUG org.apache.http.headers  - << Set-Cookie: bscookie="v=1&20210831172233d95fb320-0d32-454a-8737-1db3ae3a91e2AQFTjWIcecBqK6x2vSweSi0YXDkChWQQ"; domain=.www.linkedin.com; Path=/; Secure; Expires=Fri, 01-Sep-2023 05:00:05 GMT; HttpOnly; SameSite=None
[main] DEBUG org.apache.http.headers  - << Set-Cookie: lidc="b=OGST07:s=O:r=O:a=O:p=O:g=2092:u=1:x=1:i=1630430553:t=1630516953:v=2:sig=AQHcmBrjYQTLClejnfjQBDJK9OVnB-bT"; Expires=Wed, 01 Sep 2021 17:22:33 GMT; domain=.linkedin.com; Path=/; SameSite=None; Secure
[main] DEBUG org.apache.http.headers  - << Content-Security-Policy: default-src *; connect-src 'self' https://media-src.linkedin.com/media/ wss://*.linkedin.com static.licdn.com static-exp1.licdn.com static-exp2.licdn.com static-exp3.licdn.com media.licdn.com media-exp1.licdn.com media-exp2.licdn.com media-exp3.licdn.com; img-src data: blob: *; font-src data: *; style-src 'unsafe-inline' 'self' static-src.linkedin.com *.licdn.com; script-src 'report-sample' 'unsafe-inline' 'unsafe-eval' 'self' spdy.linkedin.com static-src.linkedin.com *.ads.linkedin.com *.licdn.com platform.linkedin.com platform-akam.linkedin.com platform-ecst.linkedin.com platform-azur.linkedin.com; object-src 'none'; media-src blob: *; frame-ancestors http://*.adnxs.com https://*.adnxs.com http://*.linkedin.com https://*.linkedin.com http://*.slideshare.net https://*.slideshare.net https://*.msn.com http://*.msn.com http://*.outlook.com https://*.outlook.com translate.googleusercontent.com pemberly.www.linkedin.com:4443; report-uri /security/csp?f=ad
[main] DEBUG org.apache.http.headers  - << X-Frame-Options: sameorigin
[main] DEBUG org.apache.http.headers  - << X-Content-Type-Options: nosniff
[main] DEBUG org.apache.http.headers  - << Strict-Transport-Security: max-age=31536000
[main] DEBUG org.apache.http.headers  - << Expect-CT: max-age=86400, report-uri="https://www.linkedin.com/platform-telemetry/ct"
[main] DEBUG org.apache.http.headers  - << X-Li-Fabric: prod-lor1
[main] DEBUG org.apache.http.headers  - << X-Li-Pop: afd-prod-lor1
[main] DEBUG org.apache.http.headers  - << X-Li-Proto: http/1.1
[main] DEBUG org.apache.http.headers  - << X-LI-UUID: LIpaKfNzoBZgk4YgxSoAAA==
[main] DEBUG org.apache.http.headers  - << X-Cache: CONFIG_NOCACHE
[main] DEBUG org.apache.http.headers  - << X-MSEdge-Ref: Ref A: AF954ED4C2F444C89305F8C1C7AD225F Ref B: BUE30EDGE0113 Ref C: 2021-08-31T17:22:33Z
[main] DEBUG org.apache.http.headers  - << Date: Tue, 31 Aug 2021 17:22:32 GMT
[main] DEBUG org.apache.http.impl.client.DefaultHttpClient  - Connection can be kept alive indefinitely
[main] DEBUG org.apache.http.impl.conn.BasicClientConnectionManager  - Releasing connection org.apache.http.impl.conn.ManagedClientConnectionImpl@76c548f
[main] DEBUG org.apache.http.impl.conn.BasicClientConnectionManager  - Connection can be kept alive indefinitely
[main] DEBUG org.apache.http.impl.conn.BasicClientConnectionManager  - Get connection for route {s}->https://static-exp1.licdn.com:443
[main] DEBUG org.apache.http.impl.conn.DefaultClientConnectionOperator  - Connecting to static-exp1.licdn.com:443
[main] DEBUG org.apache.http.client.protocol.RequestAddCookies  - CookieSpec selected: ignoreCookies
[main] DEBUG org.apache.http.client.protocol.RequestAuthCache  - Auth cache not set in the context
[main] DEBUG org.apache.http.client.protocol.RequestTargetAuthentication  - Target auth state: UNCHALLENGED
[main] DEBUG org.apache.http.client.protocol.RequestProxyAuthentication  - Proxy auth state: UNCHALLENGED
[main] DEBUG org.apache.http.impl.client.DefaultHttpClient  - Attempt 1 to execute request
[main] DEBUG org.apache.http.impl.conn.DefaultClientConnection  - Sending request: GET /sc/h/8zvgdynwf7m2c7zwt2hcffwhq HTTP/1.1
[main] DEBUG org.apache.http.wire  -  >> "GET /sc/h/8zvgdynwf7m2c7zwt2hcffwhq HTTP/1.1[\r][\n]"
[main] DEBUG org.apache.http.wire  -  >> "Accept: */*[\r][\n]"
[main] DEBUG org.apache.http.wire  -  >> "Host: static-exp1.licdn.com[\r][\n]"
[main] DEBUG org.apache.http.wire  -  >> "Connection: Keep-Alive[\r][\n]"
[main] DEBUG org.apache.http.wire  -  >> "User-Agent: Apache-HttpClient/4.5.13 (Java/11.0.12)[\r][\n]"
[main] DEBUG org.apache.http.wire  -  >> "Accept-Encoding: gzip,deflate[\r][\n]"
[main] DEBUG org.apache.http.wire  -  >> "[\r][\n]"
[main] DEBUG org.apache.http.headers  - >> GET /sc/h/8zvgdynwf7m2c7zwt2hcffwhq HTTP/1.1
[main] DEBUG org.apache.http.headers  - >> Accept: */*
[main] DEBUG org.apache.http.headers  - >> Host: static-exp1.licdn.com
[main] DEBUG org.apache.http.headers  - >> Connection: Keep-Alive
[main] DEBUG org.apache.http.headers  - >> User-Agent: Apache-HttpClient/4.5.13 (Java/11.0.12)
[main] DEBUG org.apache.http.headers  - >> Accept-Encoding: gzip,deflate
[main] DEBUG org.apache.http.wire  -  << "HTTP/1.1 200 OK[\r][\n]"
[main] DEBUG org.apache.http.wire  -  << "Server: Play[\r][\n]"
[main] DEBUG org.apache.http.wire  -  << "Expires: Mon, 29 Aug 2022 11:45:35 GMT[\r][\n]"
[main] DEBUG org.apache.http.wire  -  << "Cache-Control: max-age=31536000, immutable[\r][\n]"
[main] DEBUG org.apache.http.wire  -  << "Last-Modified: Mon, 05 Nov 2012 04:00:51 GMT[\r][\n]"
[main] DEBUG org.apache.http.wire  -  << "X-LI-Static-Content: 1[\r][\n]"
[main] DEBUG org.apache.http.wire  -  << "Content-Type: text/css[\r][\n]"
[main] DEBUG org.apache.http.wire  -  << "X-FS-UUID: 87f6a89566c49f163075529c382b0000[\r][\n]"
[main] DEBUG org.apache.http.wire  -  << "X-Li-Fabric: prod-ltx1[\r][\n]"
[main] DEBUG org.apache.http.wire  -  << "X-Li-Pop: prod-eda6[\r][\n]"
[main] DEBUG org.apache.http.wire  -  << "X-LI-Proto: http/1.1[\r][\n]"
[main] DEBUG org.apache.http.wire  -  << "X-LI-UUID: h/aolWbEnxYwdVKcOCsAAA==[\r][\n]"
[main] DEBUG org.apache.http.wire  -  << "Content-Encoding: gzip[\r][\n]"
[main] DEBUG org.apache.http.wire  -  << "Content-Length: 5688[\r][\n]"
[main] DEBUG org.apache.http.wire  -  << "Date: Tue, 31 Aug 2021 17:23:19 GMT[\r][\n]"
[main] DEBUG org.apache.http.wire  -  << "Connection: keep-alive[\r][\n]"
[main] DEBUG org.apache.http.wire  -  << "Vary: Accept-Encoding[\r][\n]"
[main] DEBUG org.apache.http.wire  -  << "X-Cache: TCP_REMOTE_HIT[\r][\n]"
[main] DEBUG org.apache.http.wire  -  << "X-CDN-Proto: HTTP1[\r][\n]"
[main] DEBUG org.apache.http.wire  -  << "X-CDN-CLIENT-IP-VERSION: IPV4[\r][\n]"
[main] DEBUG org.apache.http.wire  -  << "Timing-Allow-Origin: *[\r][\n]"
[main] DEBUG org.apache.http.wire  -  << "Access-Control-Expose-Headers: X-CDN, X-CDN-CLIENT-IP-VERSION, X-CDN-Proto[\r][\n]"
[main] DEBUG org.apache.http.wire  -  << "Access-Control-Allow-Origin: *[\r][\n]"
[main] DEBUG org.apache.http.wire  -  << "X-CDN: AKAM[\r][\n]"
[main] DEBUG org.apache.http.wire  -  << "[\r][\n]"
[main] DEBUG org.apache.http.impl.conn.DefaultClientConnection  - Receiving response: HTTP/1.1 200 OK
[main] DEBUG org.apache.http.headers  - << HTTP/1.1 200 OK
[main] DEBUG org.apache.http.headers  - << Server: Play
[main] DEBUG org.apache.http.headers  - << Expires: Mon, 29 Aug 2022 11:45:35 GMT
[main] DEBUG org.apache.http.headers  - << Cache-Control: max-age=31536000, immutable
[main] DEBUG org.apache.http.headers  - << Last-Modified: Mon, 05 Nov 2012 04:00:51 GMT
[main] DEBUG org.apache.http.headers  - << X-LI-Static-Content: 1
[main] DEBUG org.apache.http.headers  - << Content-Type: text/css
[main] DEBUG org.apache.http.headers  - << X-FS-UUID: 87f6a89566c49f163075529c382b0000
[main] DEBUG org.apache.http.headers  - << X-Li-Fabric: prod-ltx1
[main] DEBUG org.apache.http.headers  - << X-Li-Pop: prod-eda6
[main] DEBUG org.apache.http.headers  - << X-LI-Proto: http/1.1
[main] DEBUG org.apache.http.headers  - << X-LI-UUID: h/aolWbEnxYwdVKcOCsAAA==
[main] DEBUG org.apache.http.headers  - << Content-Encoding: gzip
[main] DEBUG org.apache.http.headers  - << Content-Length: 5688
[main] DEBUG org.apache.http.headers  - << Date: Tue, 31 Aug 2021 17:23:19 GMT
[main] DEBUG org.apache.http.headers  - << Connection: keep-alive
[main] DEBUG org.apache.http.headers  - << Vary: Accept-Encoding
[main] DEBUG org.apache.http.headers  - << X-Cache: TCP_REMOTE_HIT
[main] DEBUG org.apache.http.headers  - << X-CDN-Proto: HTTP1
[main] DEBUG org.apache.http.headers  - << X-CDN-CLIENT-IP-VERSION: IPV4
[main] DEBUG org.apache.http.headers  - << Timing-Allow-Origin: *
[main] DEBUG org.apache.http.headers  - << Access-Control-Expose-Headers: X-CDN, X-CDN-CLIENT-IP-VERSION, X-CDN-Proto
[main] DEBUG org.apache.http.headers  - << Access-Control-Allow-Origin: *
[main] DEBUG org.apache.http.headers  - << X-CDN: AKAM
[main] DEBUG org.apache.http.impl.client.DefaultHttpClient  - Connection can be kept alive indefinitely
[main] DEBUG io.restassured.internal.RequestSpecificationImpl$RestAssuredHttpBuilder  - Parsing response as: text/css
[main] DEBUG org.apache.http.wire  -  << "[0x1f][0x8b][0x8][0x0][0x0][0x0][0x0][0x0][0x0][0x0][0xc5]=[0xe9]n[0xf3]8[0x92][0xaf][0xa2][0xe9]A[0x3]q[0xaf][0xe9][0xf1][0x95][0xe3][0x93]1@[0xff][0xdc][0x1f][0xfb][0x0][0xbb]h4[0xc][0xda][0xa2]mMdI[0x10]e'i#[0xef][0xbe][0xc5]S[0xbc]t[0xd8]N[0xbe]F[0x80]$[0x96][0xc8]b[0xb1]XU[0xac][0x8b][0xf4][0xa4]"'[0x8a]7[0x19]A[0x94][0xe0]j{@[0xbb]4[0xab]IEQ][0xa5][0xfb]=[0xa9]PR[0x15]eR[0xbc][0xe5][0xeb][0xf5][0xb6][0xc8]k[0x92][0xd7][0xd1][0x4]WuB[0xb6][0x5]:[0x14]gR[0xf1][0xbe][0xf2][0x15][0xb4][0xc9][\n]"
[main] DEBUG org.apache.http.wire  -  << "J[0xd0][0xa6][0xce][0xc7][0x13][0x9]O[0xc1][0xa7][0xc]@[0x96][0x91]m[0x9d][0x16]9:[0xe3][0xec]D`[0x90][0xa2][0xc8][0xea][0xb4]D(I[0xe9]1[0xa5][0x14]mNu][0xe4][0x17][0x18][0xfb]P[0xc7]/[0xe5][0xfb][0xaa].J[0xfe][0xb7],h[0xca]z[0xc6]xC[0x8b][0xec]T[0x93][0xcf][0xc9]1Gx[0x93][0xc2][0x0][0xf4][0x94][0xd5]t[0xec]|^[0xaf]s|F[0x1b]\![0x98][0xd2];I.[0x1b][0xbc]}[0xdd]W[0xc5])O[0xe2]3[0xae][0x1e][0x10] [0x9d][0x15][0x15]j[0x1e][0xf3]Y[0xe0]4'[0xd5][0xe8]s[0xc2] [0x95][0x98][0xd2][0xb7][0xa2]J[0xd6]kz([0xde][0xf4]G[0x85][0xa4][0x87][0xd2][0xaa]A{S@[0x93]c<][0x1d][0x8]6[0x9b]N[0xfd]L[0xf3][0xf2]T[0xff]Q[0x94][0xe4][0xdf]5y[0xaf][0xff]t[0x6][0xe1][0xaf][0xc7]F#[0xf5]*[0xd8][0xf0]R[0xe2]$I[0xf3]=[0x92][0x83]N[0xcb][0xf7][0xcf]$=;M[0xc5][0xf0][0x88][0xbc][0x97]8OH5[0xee]A[0xa1][0xa3]y[0x1b]2N[0x97][0x8b]1[0xe1][0xd5]1[0xcd][0x91][0xfc][0xbc][0x98][0x3]~[0xde][0x12]q[0x8a]ok[0x8a][0xb2][0x94][0xd6][0xe8]<[0xbf][0x0][0x1f][0x94][0x19][0xfe][0x88]w[0x19]y_[0xb1]_[0xe8][0xad][0xc2]e[0xcc]~[0xf9][0xbd][0xf][0x4][0xb3][0x11][0xf5]:T$[0xc3]uz&+I[0x9a]x[0x16][0x1c][0x94][0xd6][0xa4]Di[0x9e][0xa4][\[0x17][0x95][0x1e]2/r[0x8f][0xa9]<&[0xd2]c[0xf1][0x8f][0x9c];[0x97]KX[0xef][0xb7]4[0xa9][0xf]b[0xd2]1[0xd8][0xe4]=[0x9e][0x1][0x13][0x1]O[0x1d][0x8a]tK[0xd0][0xb1]Hp[0x86]vxKj[0xce]fU[0x91]![0xcc]E[0x1][0x96][0x13][0x1e][0x8c][0xbd][0xb6]L[0xb6][0xce])yCG\o[0xf]$[0x11][0x9d])[0x93][0x94]m[0x86][0xd3]#[0xa9]D[0xcf][0xc0][0xf4][0x19]V[0xe1][0x99][0xbf][0x82][0xac][0x81]p^8[0xeb]K18[0x17][0x1f][0x98][0x9][0xba][0x10][0x7][0x81][0x14][0xff]s&[0xa3][0x9e][0x15][0xbb]0$wY[0xf1][0x16][0x1f][0xd2]$![0xf9][0xca][0xc7][0x85]/,[0xad]?2[0xc2][0x9][0xbc]R[0xd4][0xde]Wi[0xb2]b[0xbf][0xd0][0x1e][0xd6]w[0xc6]E[0xe6][0x1d][0xd1][0xf4]/[0xb6]n[0x1b][0xe0],[0xc0][0x8][0x9e][0x88]&59B[0xa7][0x9a][0xe9][0x99][0xec]t[0xcc]i[0xfc][0xf8][0x2]B[0x16][0xf1][0xdf][0xe][0x8a]h[0x8b][0xab][0xe4]Rs[0xad][0x4][0xe3][0x14][0xa7]Z.[0x95][0xe2][0x9]X[0xad][0x88]I([0xa0][0x8d][0xeb]8#[0xbb][0xda]d[0xd3][0xa7]Gxe1![0xce][0xd2]}[0x8e]R@[0x81][0xc6][[0xd0]q[0xa4]ZmO[0x15][0x5][0xf2][0x95]E[0xca]>[0x86][0x10]X[0xaf][0x1][0xe3][0xfa][0xe3][0x82][0x90][0xd2][0x95][0xf0][0x12][0x96][0x1e]$[0xa9][0xd8][0x3]/[0x1f]>[0xd6]{R[0xff][0xf][0xe8][0x9a][0xff][0x96][0xe2]2[0x99][0xcd][0x1f][0x81]X9Q[0x98][0x88][0xc5][0x19][0xd6]}[0xb4]b[0xc2][0x8c]8[0xaa][0x12][0xc9]0VGPo@[0xc4]c[0x9]K[0x91][0xd7][0x9a][0xf5][0xd3][0xfc]@[0xaa][0xb4][0xe][0xcc]5[0xc]&[0xc7]GF[0xdd][\r][0xc9].|`[0xc6][0xf0]y[0x1d][0xa3][0x1f]?~[0x0][0xf9][0xe4][0x4][0xe6]S-[0x17][0xfc]_[0xb5][0x0][0xd3][0xd5][0x11]W{[0xc0][0x83][0xb1][0xe9][0xb4]o[0x0]D[0xb7][0x15]!9[0xbc][0xe6][0xb2][0xee]0\{[0xef][0xcb][0xe][0x18][0x15][0xbd][0xc9]U[0x9d][0xb6][0x8c][0xb3]%Yv[0xd1][0x88]E-[0xec]$[0xda][0x1][0x1f]U[0xc0][0xcb][0xdb]C[0x9a]%Z[0xf9]2[0xfe][0x9][0xa9][0x19][0xb3]_[0x86][0xbd]nBg[0x87][0xd4][0x93][0xda][0x12][0xd7][0xeb][0xea][0x94][0x91][0x8b][0xd2]+[0xbf]J[0xa2][0xc5][0xf8]T[0x17][0x9e]b[0x89]<[0xed]!7d[0x4]L[0xce][0xc8]fq[0xf4]N[0xb4]Nw[0x1f][0xaa][0x8d][0xe2]j[0xae]m[0x93][0xb4][0x12];t,D-[0xc4][0xfe][0x86][0xb8],[0xa7]l[0xdb][0x9][0xa0]#[0xd9][0x96]K[0x1][0x88]?[0xc8].0"
[main] DEBUG org.apache.http.wire  -  << "[0x1f][0xa1][0x14]4[0x8d]X[0x19][0x90]t[0x2]\[0xbf][0xac][0xc8]qej#[0xa1][0x85]8W[0xc1]23[0x0][0x7]LS:[0xea][0x18][0x84]\[0xaf][0x85][0xe6][0x2]]}1[0x11]|[0x9][0xe0]g[0xa2][0xa5]W[0x9f])[0x94][0xa9][0xd7]t[0xbd][0xde][0x15][0x5]L[0xda][0x84][0xf9][0xb4][0xe4][0xda][0x8a][0xab]([0xc6][0xc3][0xa0][0xbc]"0[0x0][0xd2]$[0xb2][0xec][\n]"
[main] DEBUG org.apache.http.wire  -  << "[0xd1]`[0x7][0x12]W[0xfb][0xd8][0x3]\B[0x12]f{H[0x8d]K[0xed]5[0xba][0xe]|p[0x95][0x4][0xbf]L[0xa3][0xf9][0xb2][0x91][0xc9][0x1f]O[0x1]r[0xf8][0xb8]x[0xfc]d4aKs[0x91][0x12],[0xd8][0x98][\r]p'PaQQ[0x5][0x97]K[0x15][0xe3][0xf4]U[0xa3][0xa1][0xb8]n[0xf4]42gZX[0xc8][0xaa][0xfe][0x12][0xc],[0x4][0x84]x[0xb6][0xef][0xcb][0x9c][0x9d][0x81]u[0xec][0x95]S"[0xae][\r]W[0xf9]YZ[0x84][0xb3][0xa7][0x86]y[0xd4][0xa3][0x1b][0xf8][0xa7][0xcd]<[0xb8][0x98][0xc3][0xcf]B[0xab][0xdd][0xd6][0xb3]Eh[0x99][0x8d][0xc5]H[0xef]I[0xed][0xbd][0x80][0x95]6[0xb0][0xcd][0xaf][0xa1]V[0x10][0xb7]>L3/ [0xbb][0x9d][0x9d][0x1b][0xac][0xd8]'0[0xa5][0x80][0x9d].[0xa6][0x8d][0xf0][0x5][0xf0][0xe2][0x18][0xef][0x98][0xee][0xb0][0x97][0xfb][0x94][0xc3]V>[0x1c]xc[0xef]]n[0xd2][0x93][0x1][0x86]][0xaf][0xb9][0x10][0x7][0xf6][0xb0][[0x8c]P[0xe0][0x8e][0xd7][0x8b]#[0xa7][0x9b][0xac][0xd8][0xbe][0xae]La[\n]"
[main] DEBUG org.apache.http.wire  -  << "[0xe9][0x8]i[0xf][0xff][0xbd][0x82]$p[0x0][0xf3][0x82]2[Z2[0xc0][0xbc][0x85][0x3]B[0x6][0xbc]/s[0xf7]n[0xe][0xe1]an[0xe1][0xd8][0xc1][0x80][0xae]b[0xd5][0x10]T[0x9b][0x9b]ZQ[0xe9][0xe6][0xc1][0xa0][0xbe][0xf2]:[0x1a][0x12][0xe1][0xf2][0xc8][0xbd][0x12]br[0xf9][0xc5][0xf0][0xe9]:[0xed]'ZBs[0xb4]![0xf5][0x1b][0x18][0xaa]}[0x6][0xd3]K[0xc3][0x1e][0x15]N[0xd2][0x13]e[0x9e][0xda][0xaa][0xae]p.=[0xa7]&[0x1e][0x11]M[0x16]4[0xda][0x9e]6[0xe9][0x16][0x80][0xff][0x95][0x92][0xea]a[0xb2][0x1c]O[0xc7][0x93][0xf9]x6x[0x12]1[0x8f][0xd1]\[0xac] [0x87]K"[0xe3]%S[0xc2][0xa8][0x6][0xa6][0x14][0xb1][0x9d][0xc1][0xc3][0xc8][0xd5]4(f8$[0xc2][0xc7]R[0xe6][0xc8]5[0x8a]Fz[0xb8][0xa6][0x1e][0x9][0xda]sm[0xbd][0xe1][0xff]s[0x5][0xde][0xac][0x9]E[0xc7]h8[0x98][\r][0xce]s[0xc3]>6[0xf5][0x16][0xe0][0xaa][0x8d]m[0xd1][0xac][0x9][0x10]qsP[0xce][0x16][0x96][0xcf]X[0xe0][0x99][0x5][0xb8][0xe9]1I)[0x12][0xf1][\n]"
[main] DEBUG org.apache.http.wire  -  << "[0xf4][0x17][0x10][0xb9][0xd9][0xbb][0x9e][0x98][0xe4]Z[0x10][0x9e]mgX[0x99][0xf2][0xf0][0xe8]s[0xc2][0xb1][0x7][0xce]I[0x85][0xcd][0xef][0xe1][0xc5][0xfb][0x1d]p[0x2][0x1e][0xd2]4b?L[0xff]T[0xfb][\r]~[0x98][0x8e][0xd9][0xcf]d[0xf6]8[0x1a][0x83]M[0x8]O[0x17][0xce][0x9b][0xf9][0xc8]bC[\r](zY[0x1c][0xe9][0xaa][0x85][0x83][0xde][0xe][0xc0][0xe9][0xe3][0xee]v[0xbb][0x91]v[0xf0][0x98][0x6]T$[0xfc][0x9c][0xe4][0xe4][0x8d][0xb2]e[0x2]ofl~`q[0x98][0xa2][0xfa][0xe0][0xb6]E3.*[0xab][0xa2]$U[0xfd][0x11][0x1f][0xf1][0xbb][0xa4][0xc8][0xb8][0x0][0x1]K[0xeb][0x8f][0xcf][0xdf][0x8f]$Iq$<[0xc2][0x8][0x83][0x84]<[0xa0]#[0x90][0x15][0x1a][0x9]m[0x4][0x8e]V,#[0x17][0x97][0x1][0xa4]bRh(h[0xd1]S<[0xfe][0xfc][0x9c][0xd4][0x7][0x2]N(([0x9e]j[0xb]d[0x88][0x86][0xc2][0xe3]Q[0xe][[0xc2][0x95][0xb0]U[0xb9]~[0x86][0xd8]TN[0xc7][0xd1][0xca]X0[0xd1][0x8c]d[0xe4][0x8c]9)[0x18]i[0x92][0x91]EA[0x84][0x84][0xdf]{i[0xa8][0x3][0xfe][0xb4][0xa4][0xf][0xfc]wNi[0xba]I3[0xf6]AFd[0xc][0xd2]&[0xa7][0x8a][0x3][0x8e]'[0x8f][0xd4][0x81][0xca][0xfb][0x81][0xbb]i[0x80][0x5])f^[0xbb][0x82]=[0x1b][0x4][0x9][0x94]3[0x81][0xe5]IK[0xde]L[0x86][0x90][0xc3][0xc6]A[0xa3]+[0x1c][0x8][0xca][0xe2][0x4][0x93]<[0xcb]@[\r][0xdb][0xb4]|4[0xb4]q[0x0][0xde]S[0xe3][0xeb][0x98]l[0xc8][0xb5][0xe][0xe7][0xfa]Y[0xe3][0xbc][0xc5][0x8b][0xe0][0xde][0xcc][0x94][0xc5][0xc8][0xc1][0x89][0xc7]q[0x96]![0xcd][0xb3][0xd4]a[0xe6][0xba][0xd8][0xef]Y[0x10]][0xbf][0xb7][0xb4][0x96]p[0x91][0xac][0xe]y[0xc1]7[0x11][0xae][0x9a]|[0x9d][0xcc][0x91]X[0x81]Z[0xab][0xd3]-(8[0xa1]H[0xc5][0xae][0xec][0xa2][0xa6]F[0xbc][[0xd5]w[0x81][0x8d][0xc2]k[0xd4]b[0x92][0xca]x[0x14][0xb3]1$[0xa3][0x8][0xeb][0xbe]e[0x4]!x[0xd7]a[0xae][0x3][0x94]a[0x98][0x8][0x15]Yr[0xc1]yz[0x14][0xe3][0xef]@[0xf3][0xa2][0xe2]TG[0xf3][0xd9][0xd3][0x91][0x82]O[0xcc][0x94]Z{gx[0xee]vNs[0xd1]w[0xc][0xbc]P[0x81]'[0x4]lC[0xd0][0xa9][0x8c][0x16][0xb]x[0xb8][0xd2][0x8d]Y[0xfe]$c I[0xbc]+[0xaa]7\%[0x1d][0xc3][0x0][0x91]*[0xdc]&[0xcb]nl[0xd5][0x93][0xed]v[0xb8]aq[0xb6][0xa4][0xd9][0x80]&[[0xbb][0xe0]N[0x1b][0xdf]B[0x13]Q|[0x9b][0xf1][0xd3][0x1a]Fb[0x86][0x11][0x8b]x[0xfb][0xaf][0x10][0x8f]A1[0xeb][0xbe]![0xa8] [0x1e][0xcb]*[0x9][0xf2]E[0x8f]O[0xcf]@Y[0xbd]H[0xb3][0xc5]\?[0xb4][0x9][0x1d][0xcd][0x9e][0xd9][0xca][0x8d][0xad]%[0x89]f?[0x16][0x8b][0xeb][0x16][0xa1]"[0xbb][0x8a][0xd0][0x3]C[0xab][0xa1]8[0xd7]p[0xd0][0xe1][0x18][0xf3][0xff]X[0xc4][0xf9][0xff][0x1e][0x10][0x9b][0xf3]h[0xe5]"[0xaf][0x11]2P[0xd7][0xf8]L[0x9e][0xbd][0xc9][0xcc][0x1e]_[0xae]DQj[0x94]N[0x5]a[0xda][0xbf][0xbe][0x8a]1 DY* 9*[0xe5][0x8][0x9c][0xe4]-=[0x97]x[0x16][0xc0][0x4]A([0x10][0x6]C[0x94][0x82]2[0x93][0x8a][0x82]=[0xf7]t[0x9f][0xc8][0xe2]IK[0xa5][0xe5]-[0xf3][0x13]=H[0xd2]d\[0xcc][0xa7][0x1e][0xf6][0xbd]XH[0x9f]e|u[0xb7][\r][0x1][0x92][0x83][0xd5][0xc1][0xdc]3\[0x13]_.[0x1b]5I[0x2][0xb] [0xdc][0x9e][0xb1]x[0xb4][0xc9]N[0x4]=O[0xc7][0xff][0x9c]N[0x9f][0x17][0x9b][0xd9]h[0xc0][0xfe]![0xd5]uPQ[0xfe][0xfe]J>v[0x15][0x6][0x9f]'[0x92][0x8c]u[0xd9]U[0xc5][0xb1]a[0xd5][0xcf][0xba][0xd0][0x1f]f[0x9f]^{`;[0xbb][0xc3][0xcc][0xec]0[0xb5]:4[0xb2]([0xba][0x4][0x85]`:b[0x0][0x82][0xaf][0xb8]x[0x4] [0x9e][0xca][0xe]x[0xa2]S[0x1b][0xc8][0xa9][0x3][0xcf]R[0xb8][0x1d]Pg[0xbd]P'%![0xaf],6_[0x9c]([0xc9][0xfc]l[0x82][0xf5][0x1a][0x96][0x8d][0x8d]I[\r][0xf3]4[0xd6][0x90]#0}"[0x82])i[0xe9][0x14][0xc7][0xe8][0x8d]l^[0xd3][0x9a]%0[0x8a],cqi;[0xd4][0xe5]t[0xe3],[0xcb][0xdc]F0[0xaa][0xd3][0xfa][0x0]K(XV[0xc4][0xcb][0xd4][0xe6][0xde]X[0x8b]}@(a[0xde]QEDB[0xcc]N<[0xf0][0x90][0xb0][0x9f]j[0xf5][0x82][0xff][0xe1]LA[0xc7][0xa8])[0xb7][0x89]Y[0xb6][0xb6]l[0xbc]s[0xed][0xf4]Y[0xdd]T[0xfc][0x80][0xca][0x8]R[0x9b][0x8a]3[0xe3][0x8e][0x8f],[`&[0xc9][0xe6]"[0x81]`,[0x90]n[0xae][0x17][0xa8]7[0x86][0x1c][0x9c][0x95][0x83]^[0x87]"[0x90][0xf6]bWo[0x84][0xc0]ty[0xb3]B[0xa8][0xcf]<[0x84][0xda][0xd6]IF[0xa3][0xdb]hb[0xcc][0x97]?ncF[0xf][0xa2][0xcc]a[0x15];[0x96]J$[0xb6]K[0xbc][0xec]Z"[0xd1][0xfd][0xf] %[0xcb][0xac]&[0xb6][0xa0][0x86]T[0x3] [0x88][0xac][0xff][0xd8]`[0x9a]n[0xf9]p[0x98]Y[0x8d][0xd1][0xc4]y[0x0][\n]"
[main] DEBUG org.apache.http.wire  -  << "W[0xb8][0x9]$Q|[0x16][0xa8][0xac][0xd0]Iu3[0xd3].BM+[0xc3][0xca]Y[0x8]+G[0x8a]5[0xfa][0x10]I[0x84][0xa1][0x86]eS[0xff][0xb1][0xfa]rg[0xe][0xfc]Fz'Yb[0x91]S6P[0xbb][0x2][0x1a],'[0xc8]6[[0x9b][0xc1]v[0xb6]A[0xe];[0xe3][0xdd][0x9e] [0xa7]uE[0xea][0xed][0xc1][0xcb][0xf5][0xc2]?[0xd7][0xc6]D[0x9d][0xba]$f[0xb2][0x89][0xc4][0xaa][0xc2][0xca][0xcc][0xc7]F[0x13][0xa0][0xf][0xec]m2[0x8b][0xea]|d![0xc3]s[0xca][0xea]Yn[0xa1][0x97][0x95][0xf7]5fq[0xf3][0x2]D[0xaa][0x93]~[0x8b][0xce]s0\R3[0x80]v[0x13][0xe4][0xae]wH[0xba]L[0x8d]V^[0x19][0x11][0x90][0xfe]R[0x10][0xb1]b7[0xa1]%6[0xaf][0xdb][0x88]/[0xbd][0xcf]V[0x8a][0xdd][0xee][0xee][0x86][0xb1][0xe1][0xe1]eV[0x8a][0x16]PBl[0xd5]YTA[0xe8][0xcb]i/[0x8][0x1d]g[0x97][0xca][0xb7][0xc5]A[0xe7][0xda][0xbc][0xc4][0x15][0xf0]l/[0xc8][0xc8][0x81]iGH][0xc4][0x8c][0xda];[0xca][0xac][0xa7][0x12][0xe7]`[0xf5][0xb4][0xd5][0xad]M[0x9b][0xaa]5^[0x9a][0xb1][0xb2][0xdd][0xc7][0xf3][0xc1]sI[0x3]v[0xd6][0xff]>0[0xee][0xb5][0xb6]([0xc3]fr[0x3][0xda]<[0xf0][0xb8][0xe0][0xf1][0xec].[0x94][0xed]T[0xbf][0x13][0x11][0x9a][0xfe]#=[0x96]`!b[0x83]|A(^[0xc5][0x80][0xda]n[0xf4]~[0xf1][0xae][\r][0xc1]Nl[0xba]^"T[0x94]$7,PKM[0xb4][0xe0][0xd5][0xc6][0xdd] [0xb3][0xb0][0xb1]z[0x9d][0x8c][0xd4][0x1d]zC$[0xe5][0xbd][0x8a][0x97]o[0x1e]TE[0x8][0xcc]q[0x97]}[0xe3][0xf2]X=[0xec][0x1d][0xd2][0xfb][0xb2]j%[0x9b][0xb4][0xbf]bH[0xc9]}[0xe1]][0xdc][0x90][0x9b][0x86][0x5]8[0xd3][\n]"
[main] DEBUG org.apache.http.wire  -  << "5[0xfa]8[0xe7]V[0xa7][0x8f][0x8d](q[0x15]5[0xa8]|[0xe3][0xe2][0xe1][0xb].sv[0x80][0xb1][0xab][0xdc]@[0x6][0xa3][0x8b]<[0xfb][0xb0]"[0xd2][0xcd][0xf8][0xdc][0xa9][0x1d]]n[0xe3][0xc9]@b[0xec]*8M5Lc[0x85][0xb3][0x1f]n[0xfa][0xeb][0xb0][0xe8][0xcb][\r][0x4][0xe2][0xbb][0xd3][0xa0]^q^[0x1f][0xc4][0xbe][0xf9]P$[0xc9][0xc8][0xad]X[0x1d]8[0xb6][0x1][0x85][0x9c]I>[0xb2]I[0xc3][0xa0][0xdc][0xb3][0x14]W"[0x1d][0xe4][0xee]+Q[0x6][0xff][0xdb][0xb5]nt[0xd5]5N[0xce]8[0xdf][0xb2][0xc][0x96]x[0xa0]M[0x17][0xa9][0xe2]E[0xbe][0x8][0xf1][0xfc][0xb4]L[0x1d]Im[0x18][0xd8][0xfd]:[\r][0xaa][0x8e]![0x1]Y[0xf9]!T[0x16][0x83][0x1a][0xe]Ryb[0xd4][0xc6][0x9f][0xc0][0x90]y[0x82][0xab][0xf]=[0x98][0xa8][0xfb][0x8e][0x86][0x9b][0x2][0xbe]s[0x10][0xb0][0x91][0x8c]!u|K[0xd8][0x10]:[0x7][0xd1][0xa5]=Z[0xd2][0xc6][0xb6][0xef][0xf9][0xc4][0x1c]MG[0xc5][0xae][0x8c][0xe2]17[0xab];[\r][0x93][0xa4][0x5][0xbf]+[0x83][0xf7][[0x9c][0x9f]1[0x1d][\r][0xcc]w[0xb7][0xad][0xbc][0xac][0xba]2[0xea][0x1]x[0xb5] [0x2]_[0xb][0x90][0xa1][0xa1][0xe8]~[0xd0]=07[0xe0][0xe1][0xc7][0x9][0xd8][0xee][0xd8][0xd8]",[0xca][0x91]n[0xaf][0xe9][0xdf]d[0xde]L[\r][0xc7]"[\r][0xa6][0xe1][0x2][0xa4][0xde]>p[0xeb]%B[0xd1]#[0x17][0x9e][0xe8]q[0xce][0xff],[0x17],[0xb0][0xab]m[0x1a][0x9e][0xec][\r][0xa4][0x18][0x9b]T[0xef][0xf3][0xd3][0xb][0xd7]"[0xb7][0xe0][0xd8]@[0x11][0xb1][0xce]kg[0xda]w[0xf0][0x82][0x1e][0xac]RV[0x1f]|Y[0x11][0x94]`z[0x13][0xb6]+3[m[0xf8][0xe2]F!/[0x8f][0x1e]\[0xb1][0xf8][0xac][0xfa][0x9a]iD=&B9[0xae]X[0x94][0xa4][0x19]{[0xbe][0x9c]v@mTc[0xbb][0x6]l[0xb8][0x95]kA[0xe5][0xcb][0xc]pF[z[0xde][0xb7][0xed][0xb][0x91][0x17][0xc7]7[0xc][0xda][0xbd]p~[0xe8]n[0x1f]o[0xf]d[0xfb]J[0x92]xWlO[0xf4][0xbf]xm[0xb4][0x8e]dKGn[0xde]7[0x95][0xb0][0xc8][0x6][0x94][0x14][0xdf][0xc9]D[0x81][0xb7][0xe3][0xfa][0x8b][0x3]0[0x15][0xc1][0xaf]1[0xff][0xcd][0xa2][0xda][0xfe]C[0xf6]`u[0xf8]([0xf]$[0xa7][0xc2]z+N5[0xcf][0xf5][0x19]jW[0xe2]:k[0xb6][0x13][0x1d][0x88]29K[0xe4]N;[0x91][0xb4]\t[0xbb][0xba][0xbc][0xbb][0x9f]&[0xe0][0xd5]![0x11][0xc5][0x8][0xed][0x15][0x8][0xe3][0x7][0x0][0xbd]%[0x12]"m[\n]"
[main] DEBUG org.apache.http.wire  -  << "[0x13]zP[0x12][0x85]X[0x8a]^\+[0x85][0xa6][0xe1][0x1f][0xa6]j[0xc4][0xd7][0xd2]in[0xe1]\[0xb]9}x[0xdc][0xf0][0xf3][0xac]_[0x92]'[0xb6]}l[0xe5][0xb9][0x87][0xc2]6[0xc4][0xfe][0x11]t[0xb3][0x99][0xa9]d[0x9f][0x87][0x1][0x91][0x99][0x9a][0x80]C[0xdb]H[0xe3][0xfc]qj[0xa9],[0x87][0x18][0x8b][0x96]m[0xba]u0P]2#[0xe3][0xe7][0x87]Y[0x4]6[0x82][0x1]Yf[0xf9][0xaa][0xd3]o[0xca][0xb4][0xb9]!2g[0xd5][0xc0].x[0x85][0x83][0xfa]5 [0x1c][0xe9][0x18]-[0xdc]![0x88][0x1a]c[0xa6];R[0xe7]X[0x19]7[0x9d][0xf7][0xeb][0xca]n~Nr|N[0xf7][0x1c]aV[0x7](,[0xd2]f[0xf][0xe1]G[0x8b]8[0x93][0xba][0xc5]f[0x86]>z%[0xa4][0xe4]:[0xca];u[0xe0][0xda]r[0xa6]][0xd9][0xb6][0x91]i[0xcb][0x9]W<[0xed][0xc1][0xc3][0xe4]*[0xb7][0xfa]GJU[0xae][0xfb][0xcf]?[0xd8]H[0xff][0xa6]G[0x18][0xf9][0xcf][0xd0]QH[0x3][0x10][0xcb][\r][0x9c]J[0xe8][0xd4][0x7]GY[0xbe]-[0xc6][0xb6][0xa4]O[0xc9][0xf2][0xca][0xd2]l7[0xce][0xde][0xad]x[0xa5][0x16][0xe2][0xb5][0x8a]q^[0x88][0x3]u>[0x10][0xa3]7,[0xc5][0x9]x2P[0xcf]x5[0x9b][0xf2][0xc0][0x9b][0xcb]l[0xdc][0xb0][0x18]b[0xc0][0x6][0x13]8[0xc6]r[0x1a][0xe7][0x1b]8[0xcc][0x96][0xf3]-[0xda][0xe9]e?KY[0xb5][0xd7][0x9c]O[0xea][0xa5][0x6][0xec]Y5[0xf2][0xea][0x11][[0xb4]ih}[0xcd][0x13][0xa8][0xd3]h[0xea][0xf8]P[0xd3][0xc0][0xe1][0xb9][0x9e][0x83]hC[0x7][0x8e][0x2][0xed][0x1a][0xd1]r[0x5][0xcb][0xb3][0xc9][0xef]w[0xaf][0x1d]:x[0xe][0xfc][0x95][0x2]g[0xd7][0x89][0xbb]AI[0xb9][0xce]H[0x96]D_'[0xca]-[0x19]`[0x87]$ftS[0xc][0xd7]d[0x1b][0x9b][0xca][0xc7]+G[0xbe]k[0x8d][0xee][0x9a][0xa6]YE[0xde][0xc7]S[0xf4][0x4][0x96]<[0xad][0x9b]p[0x81]N[0x12][0x8a][0x18][0x11]=T,]j[0x1d]|6[0xb6]_[0xbb][0xc2][0xdf]e[0xf8][0xdb][0x7][0x8f][0xfa]R[0xa9][0xe1][0xd3][0xa5][0xba][0xde][0x9f]GR[0x14]3[0x97][0x1][0xd4][0xa4][0xf8][0x1][0xec][0x9d][0xaf][0x6][0xb9]8[[0x7][0x9d]o[0x9d][0x87][0xb6]H[0x95][0xf2][0xfa]%[0xfa]eeW'[0x9b][0x84][0x95]E[0x8f][0xd3][0xd0][0x1][0xf9]U[0xab][0x5]<[0xc][0x15][0xc4][0xe5][0xb3][0x8f][0xb0]][0x19]et[0x1f]-[0x4][0x2][0x1][0x1b]=f[0xdb][0x0]W([0xb0][0x93][0x0][0x91][0x1e][0xe6][0xcf][0xd3][0x84][0xec][0xc7][0x86]o1[0xee][0xb5][0x9c][0xa2][0xe7][0xa7]_G+uZ[0xe1]v[0x1c][0xf9]T{[0xd9][0xcf][\n]"
[main] DEBUG org.apache.http.wire  -  << "[0xa0][0xdd]K[0x16]A[0xdd][0x1]t[0xf9]q+Yz[0x83][0x9d][0x12]I[0xee][0xa0]j[0x1c][0xa5][0xc5]0hO[0xb7]7_s;[0x9f][0xab][0x8f]MJ[0xc1][0xda][0xde][0xbb][0xad][0xf][0x98][0xab]g[0xd6][0xf2]n}[0x87][0xba][0xfb][0xac][0x6][0xae][0x1b][0x99]E[0x8b]Kj[0xac][\n]"
[main] DEBUG org.apache.http.wire  -  << "[0xd7][0xab][0x8e]v[0xd6][0xf6][0xbc][0x1b]F[0xd1][[0x95].[0xb9]t[0xe8][0xab]AI[0xa3]C[0x86][0x1d]|[0xad][0xf0]K@[0xde]%[0x91]^[0xf4][0xb1][0xeb][0xa1][0x86]<[0xab][0xdb][0xc0][0xd5][0xeb][0xe8][0x6][0xd2]6u[0x18]<4$[0xf2][0x86][0x8d][0xba]o;[0xc6]p[0xcd]^'"[0xea]W[0xc6]G[0x1d][0xcb][0xd3]=[0xb1][0xdf][0x1e][0xc3]W[0xe1]Y'[0xb6]$[0xa6]8[0xd8][0x1b]Rl#/[0x1b][0x88][0xb8]-[0xa2][0xb9][0x98][0x19][0x9f][0xce][0xbd][0x8][0x1d]([0xe5][0xe4]M[0xa6][0x16]tX\[0x97][0xdb]^[0xd3]iPp[0xdd][0xf1][0x7][0x83]Fq[0x5]~[0xaf][0xe][0xe9]_[0xdc][0xb][0x1e][0xfc]c6} [0x90][0xce][0xbf][\n]"
[main] DEBUG org.apache.http.wire  -  << "[0xfd][0xd1][0xed][0xb5][0xc][0xf][0xca]/[0x95][0x1f]<@![0x81][0xdd][0x92][0xee]:[0xb2]$[0xac]^_[0x1d][0xd1][0xf][0xb9]D[0x3][0x8a][0xe9][0x9c][0xc8][0xc3]3[0xdf][0x4][0x9c]:[0x15]]A[0x1b]~[0xce][0xd4]AQ[0xc9][0xd5]7T([0xac][0xd3][0x1][0x96][0xfa][0x8d]l[0xd6]k[0x9d][0x7]L[0xf7][0xa2][0xa4][0x14][0xd1]mQ[0x12][0xd8]5[0x8]c[0xee]q\[0x15]E[0xdd]q1[0x5]2[0xc8][0x9][0xb8]f[0x9][0xa7][0xe9][0xc0][0xf6][0x99]T[0xd3][0x83];[0xe4]E[0x5][0xbe]-[0xd7][0xf1]}=v[0xf8][0x98]f[0x1f]H[0xde]U[0xa1][0xef][0xac][0xe8][0xeb][0xc6]Y[0x13][0x16][0xb][0x16]m[0x1b][0x8b]?[0x3][0xfb]H[0xdc][0xc4][0x1f]o[0xa9][0xc8]qC[0xc0][0xdf]HP[0xb1][0xf9][0xf],tW9o[0xdb]j6[0x87][0xc3][0xfa][0x1a]\t[0x19][0x95]sn,[0xc8]j[0xad][0x3][0xaa][0xfd]:[0x10]1[0xeb][0xd4][0xac][0x14][0xf8][0x1d]t[0xa2][0xe8]e[0xc4][0xcf][0xad][0x92]8\[0xd7][0x98][0x1f][0xbe][0xab][0xc4][0x95]$[0xa6][0x9d]*+[0xf5][0xc4][0xf6] xv[0xd9][0xce][0xfe][0x8d]][0xc1]Ka[0x8d][\n]"
[main] DEBUG org.apache.http.wire  -  << "ZO=[0xb5][0x1]8[0x1d][0x99][0x82][0x11][0xcb][0xa1]w[0xdd]_~[0xe9][0xeb][0x80][0xd0][0x8c][0x1f][0xbb]r[0xe][0x4]Z%[0xa7][0xa0]r[0x9c]r[0x3][0xe3][0x8d]_"ca@[0xb2],-A[0xdd][0xc][0xc5]#[0xfa][0xed]b[0x8e]-y[0xde][0x8][0xde][0xff]NO%[0xfb][0x9f]F[0xf][0xaa][0xde][0x98]w[0xd8]f[0xf8]X[0xc6]s[0xf0][0xc9][0x7]N[0xf8]_[0xbf][0xfd][0x83][0x1f]w,+[0xc2][0xee][0xcb][0xa9][0xe2][0xa8][0xd8][0xed][0xa2][0xdf][0xfe][0xa5][0x8][0xa1][0xa0]3[0xaf][0xc9][0xf8][0x1f][0x15][0x15][0xb3]4c[0xb5]o[0xae][0x2]X[0xcc]>[0xfb][0xa7];G[0xe2][0xd0][0xd4]-t_~%[0xdd]%"?[0x81][0xf0]j[0xca][0xdf]H[0xf9][0xf9][0x0][0xca]/[0xee][0xa0][0xfc][0xd3]WR~[0xf1][0xd3]([0xbf][0xf8]~[0xca]/[0x6]P~y[0x7][0xe5]_[0xbe][0x92][0xf2][0xcb][0x9f]F[0xf9][0xe5][0xf7]S~9[0x80][0xf2][0x8f]wP~6[0xfd]J[0xd2]?[0xfe]4[0xd2]?~?[0xe9][0x1f]}[0xd2];VR[0x9b][0x3]g[0x17][0x1e][0xb7]:rh~ke[0xbe][0x91][0x14][0x16][0x15]"[0xcd]y[0xfb][0x17][0xeb]r2^Ue[0x99][0xf3][0xce][0x9c]t[0xb6][0xe][0xcc]<@-[0xd3][0xc6][0xca]x`[0xbb][0xc8][0xf3]1[0xf8][0xe9]0~V[0x87][0x1d][0x16][0xe9]y[0xdd]3[0x8c][0xaa][0xb5][0x1e][0xd0][0xe8]NDz[0x9c]q[0xeb]~[0xaa][0xe0][0xfd][0x16]H[0x9e]][0x99][0xcb][0xd0]9[0x98][0xf6][0xec][0xe4]Z[0x1f][0xf]I[0xa3][0x10]<[0xc8]=[0xf1]n[0x1d]i[0x91][0x82][0xd4]9[0xab]o[0x17][0xf5][0x89][[0xb1]zF[0xd5]1[0x1d]c[0xfb][[0x96][0xd2][0xd9]c[0xc7]{[0xc0]#[0xf3]c[0xc4][0xd2]n[0xe7][0x97][0x8b][0x99][0xe7]RT[0x9d]q[0xcf][0xa0]|[0x92][0xfa]<[0x95]iQ[0x7]b[0xe7][0xd7][0xc0][0x8a]&[0xe9][0xf9][0x88][0xf8][0x9d][0x19]`[0xb7][0xb3][0xab]$[0x8f][0xfb][0xe0]8[0xa1][0xac][0xd3]W[\r][0xe4][0xbf][0xcb][0xb2][0x13][0xad][0x85][0xeb]d_[0xc5]5d[0x85][0x4]G[0xc][0xd6][0x9][0x3][0xe7][0xc1]\[0xc5]t[0x9b][0x85][0x1];>O/HqX[0xfa][0x9b][0x8d]\7z:[0xc][0xab][0xaf][0xdf][0x82][0xc2][0x93][0xff][0xb9][0xe6][0xae][0x8b][0x3]=mz[0x17]A[0x84][0x95]Zv[0xff][0xc9]=6o+6[0xdf]O[0xfc]f[0xe2]?[0xd7][0xd3][0xf3][0xf1][0x10][0x9e][0xf9]m[0xe4]_L[0xee]q[0xb2][p[0xf9][0x19][0xc4][0x17][0x93][0xfe][0x99][0xbc][0xcf][0x8f][0xbf]+Rt[0xbc]rb$i[0xe][0xdb][\n]"
[main] DEBUG org.apache.http.wire  -  << "[0xb]w[0xe9][0xa8][0xad][0xbc][0xf8][0xb7].j[0x9c][0xd9][0xfb]-[0xaf][0xcc]SupM5[0xc0][0xf2][0xc5][0xa9][0x6]h[0x87][0xc0][0xcf][0x5][0xf]8[0xeb][0xe7][0xe7][0xbb];[0xed][0x9b][0xe1][0x9b]@[0xef]>[0xea][0x99]qWE[0xa4]n5[0x16]e4[0xd1]M[[0x84]O5^n[0xaf]fm[0xb5][0x97][0xf8]V[0xaa][0x8e][0x1c][0xcc]e[0x16]CT[0x96][0x85][0xb6]b[0xbb][0xfd][0x93]Y[0x85][0x16][0xee]`[\r]$-[0xba][0xc6][0xc2]2/[0xed][0x99]F[0xfe][0x6][0xc6][0xa7][0xc2]v]vJ0[0xdf][0x9f]2[0xc][0xb3]?[0x9c][0x8e][0x9b][0xfc][0xaa][0xc5][0x7]&[0x7]i[0x92][0x17][0x91][0x84][0xec][0x14]$,[0x1e][0x92]\[0xa4] [0xef][0xd2]:n[0xfa][0x84][0xc9] gs[0xca][0xd9][0x95][0xc5][0xc6]=[0xe3][0xa6]=[0xe3]O[0xc9]k[0x1e][0xce][0xe6]u[0x99][0xdc][0xe2][0xc8][0x8f][0x1b][0x9c]}l[0xee][0xe][0xe6][0xe5]}[0xa1]{dzpA([0xa5]r>[0x97][0xd0][0xbd]1.[0x15]XI^[0xa3][0xe][0x9e][0xcc][0xbb]=*[0xd1][0xc3][0x1c]d[0xf0][0xa1]N[0xf2][0xe6][0xf3][0xb0][0xb8]u[0xa6][0xe5]v"E[0xa3][0xe][0x13][0x8c]W[0x7][0xb6][0x18]a[0x93]{[0xe2].[\r]b_[0xbf][0xe3][0x18][0x93][0xfe][0xde]M[0xc6][0xc0][0xac][0xa9][0xba]D[0xec][0x8a][0xeb]Xf[0xd0][0xdb][0x90][0xe3][0xcd]5[0x99]@[0xa6][0x8c][0xaa]M[0xd9][0xd5]7[0x1f][0x9a][0xae]J [0xac]k[0x81][0xf9][0xf2]ut[0x8a][0xb0][0x97]J3_[0x6][0x9d][0xe5]P[0x13]u[0xfd]Cw[0xd3][0xbe][0xcb]b[0xda]xUPf[0x93][0x1]cw"[0xac][0xdb]t[0x8c][0xc4][0xf].y[0xe3]lpb\[0xb5]k[0xd4]Q[0x86][[0xea]Ur[0xae],[0xe9]l[0xdb][0xfd][0xb6][0xb9][0x94][0xea][0xef][0x10][0xbd][0x9b]0[0xfd]z)[0xbd][0x8d]`?[0xd7]c[0x12]X[0xf0];[0xa3]:[0xdd]se[0xad][0x1b][0xdf]~[0x11]J[0xe9][0xd1][0x94][0x9d]#[0x86][0xbd][0x84][0xb2][0xe6][0x97][0xbe]*[0x1c][0xc1][0xd0][0x92][0xd4]=[0xc0]"<[0xac][0xd4][0xa8][0xcf][0x1d]v[0xa1][0x8a]#6[0x9e][0x1c]z[0xcd][0xc2][0xca]#[0xdc][0xec][0x6][0xdd]`[0x3][0x12]1[0x13]n8[0x9b][0xf7]-[0x5][0x1d][0xa5][0xb5]gk[0x87][0xeb] p[0xaa]7[0xd6][0xfa][0x80]j[0x88][0xf0][0xa9][0xea][0xeb]G[\r])5[0xe7][0x8b]c[0xee][0xa6][0x8f][0xd0][0xbd][0xbc][0x8][0xdf][0xba][0xc3]g[0xce][0xef][0xf0][0x19][0xd2]W[0x18][0x9c][0x81];[0xd4][0x9d][0xce][0xaa]0[0x86][0x1d][0xad]gj[0xdf][0xe7].}[0xa2]V5[0xb9][0x4]Jdn[0xd4][0x92][0xca][0x1f][0x6][0x19]/[0xf2][0xfd][0xe0][0xcd][0xe5][0x8a]$[0xee][0xf7][0xf9][0xf6][0xdf][0x9f][0xc0][0xfd][0x9b][0x13][0xb7]W$l[0xbb][0xa8]|[0xdf]>[0xfa][0xfd][0xc9][0xda][0xbf]9I[0xab][0xae]t[0xb7]/5b[0x9a][0xc9][0xff][0xe2]"[0x86][0x15][0xe2][0xf4][0x92]:[0x8d]?[0x15][0xff][0xf3]o5z1[0xe][0xa3][0x8]P[0xec][0xf0][0x9c][0xf3][0x1d]0O[0xa5]}[0xd5]}[0xd0]][0x96]h![0xf1][0x15][\n]"
[main] DEBUG org.apache.http.wire  -  << "v[0xc]%XH[0xa6]:hk[0xe2]H[0xf2]Ss|[0xe0][0xb6]bXo[0x14][\r]][\r][0xc7]F1[0xf][0xf0][0xce]C&[0x81][0x8d][0xd3][0x91][0xee][0x8d][0xaf][0xa4]RU][0x8d][0xa6][0xb4][0x9e][0xbc]Y|[0xb6][\n]"
[main] DEBUG org.apache.http.wire  -  << "[0xf0][0x9e]][0x89][0xe7][0x1c][0xc][0x1b]6[0x1]q[0xa6][0xcc]=[0xf7][0x1a]8>5[0x18]X[0xc0][0xaa][0xef]j[0xdc]bY[0xf4]wiuS:[0xbb]*[0xd3][0xc4][0xb8]Y[0xcd][0xcc][0x0][0xd9][0xb][0x13].ps3[0x85][0xc5]v[0xb][0xa6]"+><[0x0][0xf9][0xa8]Q[0xc0]8[0x1e][0xde]vc~[0xe9][0xce],|[0x16][0xdc][0xeb]|[0xca]Svw[0x1][0xce][0xcc][0xce]/[0xc1][0xd3][0xe9][0xd7]e;[0x3]%s[0xea][0xe0][0x96][0xbe]>[0xe9][0xfa][0xe3][0x9b]n[0xa1][0xbb]w4[0xca]C[0xb][0xcf]f[0xb0][0xf9][0xf3]/r[0x93]'[n[0xb8][0xce][0xad]mg[0xef][0x1b][0xc]!5{[0xa4][0xe8][0xc1][0xf]t[0xb5][0xd3]F[0x1f][0xb0]`wx6g7[0xb5]&[0xea][0xab][0xa5]u5[0x91]>[0x83]l[0x9f][0x9e][0x13][0x85][0xc6][0xe1]1[0x10][0x2]G@[0x15]t[0x87]J[0xe9][0xaf]Hd[0x9b][0xd9][0xde][0xe6][0xc6][0xbb][0xe8]Y\v)[0x8f][\n]"
[main] DEBUG org.apache.http.wire  -  << "[0x8]j[0xc2][0x16][0xf4][0xfa]![0xef][0xff]o[0xa3]|[0xaa][0xa5][\n]"
[main] DEBUG org.apache.http.wire  -  << "[0xf5][0xb1][0xaf]1@[0xfe][0x9d][0xee]R'!v[0xb7]LM[0xa5][0x8][0xde]0[0xde][0x84][0xb3][0xb8][0xfe][0x16]E[0xb][0xa8][0xf8][0xea][0x3][0xf9][0x8d][0x5][0x81]8[0xfc][0x80][0xef]?d[0xae][0x16][0xfb][0xfa]D[0x81]u[0xe4][0x3][0x93][0x7][0x94][0xdc][0xe7]VK[0xd2]w,[0xba][0xfb][0x1e][0xde][0xc0]A[0xae][0xb6][0xdb]\[0xf9]d[0x90][0xf8][0xc2]0[0x83]0>[0xde][0x1e]~[0x81]k[0xd0][0x16][0xc9][0xc3]t[0xcc]`[0x8d][0xa7][0xa3][0xcf][0xff][0x7]L[0xed]dxdu[0x0][0x0]"
[main] DEBUG io.restassured.internal.RequestSpecificationImpl$RestAssuredHttpBuilder  - Parsed data to instance of: class org.apache.http.conn.EofSensorInputStream
[main] DEBUG org.apache.http.impl.conn.BasicClientConnectionManager  - Releasing connection org.apache.http.impl.conn.ManagedClientConnectionImpl@5d01ea21
[main] DEBUG org.apache.http.impl.conn.BasicClientConnectionManager  - Connection can be kept alive indefinitely
[main] DEBUG org.apache.http.impl.conn.BasicClientConnectionManager  - Get connection for route {s}->https://static-exp1.licdn.com:443
[main] DEBUG org.apache.http.impl.conn.DefaultClientConnectionOperator  - Connecting to static-exp1.licdn.com:443
[main] DEBUG org.apache.http.client.protocol.RequestAddCookies  - CookieSpec selected: ignoreCookies
[main] DEBUG org.apache.http.client.protocol.RequestAuthCache  - Auth cache not set in the context
[main] DEBUG org.apache.http.client.protocol.RequestTargetAuthentication  - Target auth state: UNCHALLENGED
[main] DEBUG org.apache.http.client.protocol.RequestProxyAuthentication  - Proxy auth state: UNCHALLENGED
[main] DEBUG org.apache.http.impl.client.DefaultHttpClient  - Attempt 1 to execute request
[main] DEBUG org.apache.http.impl.conn.DefaultClientConnection  - Sending request: GET /sc/h/8zvgdynwf7m2c7zwt2hcffwhq HTTP/1.1
[main] DEBUG org.apache.http.wire  -  >> "GET /sc/h/8zvgdynwf7m2c7zwt2hcffwhq HTTP/1.1[\r][\n]"
[main] DEBUG org.apache.http.wire  -  >> "Accept: */*[\r][\n]"
[main] DEBUG org.apache.http.wire  -  >> "Host: static-exp1.licdn.com[\r][\n]"
[main] DEBUG org.apache.http.wire  -  >> "Connection: Keep-Alive[\r][\n]"
[main] DEBUG org.apache.http.wire  -  >> "User-Agent: Apache-HttpClient/4.5.13 (Java/11.0.12)[\r][\n]"
[main] DEBUG org.apache.http.wire  -  >> "Accept-Encoding: gzip,deflate[\r][\n]"
[main] DEBUG org.apache.http.wire  -  >> "[\r][\n]"
[main] DEBUG org.apache.http.headers  - >> GET /sc/h/8zvgdynwf7m2c7zwt2hcffwhq HTTP/1.1
[main] DEBUG org.apache.http.headers  - >> Accept: */*
[main] DEBUG org.apache.http.headers  - >> Host: static-exp1.licdn.com
[main] DEBUG org.apache.http.headers  - >> Connection: Keep-Alive
[main] DEBUG org.apache.http.headers  - >> User-Agent: Apache-HttpClient/4.5.13 (Java/11.0.12)
[main] DEBUG org.apache.http.headers  - >> Accept-Encoding: gzip,deflate
[main] DEBUG org.apache.http.wire  -  << "HTTP/1.1 200 OK[\r][\n]"
[main] DEBUG org.apache.http.wire  -  << "Server: Play[\r][\n]"
[main] DEBUG org.apache.http.wire  -  << "Expires: Mon, 29 Aug 2022 11:45:35 GMT[\r][\n]"
[main] DEBUG org.apache.http.wire  -  << "Cache-Control: max-age=31536000, immutable[\r][\n]"
[main] DEBUG org.apache.http.wire  -  << "Last-Modified: Mon, 05 Nov 2012 04:00:51 GMT[\r][\n]"
[main] DEBUG org.apache.http.wire  -  << "X-LI-Static-Content: 1[\r][\n]"
[main] DEBUG org.apache.http.wire  -  << "Content-Type: text/css[\r][\n]"
[main] DEBUG org.apache.http.wire  -  << "X-FS-UUID: 87f6a89566c49f163075529c382b0000[\r][\n]"
[main] DEBUG org.apache.http.wire  -  << "X-Li-Fabric: prod-ltx1[\r][\n]"
[main] DEBUG org.apache.http.wire  -  << "X-Li-Pop: prod-eda6[\r][\n]"
[main] DEBUG org.apache.http.wire  -  << "X-LI-Proto: http/1.1[\r][\n]"
[main] DEBUG org.apache.http.wire  -  << "X-LI-UUID: h/aolWbEnxYwdVKcOCsAAA==[\r][\n]"
[main] DEBUG org.apache.http.wire  -  << "Content-Encoding: gzip[\r][\n]"
[main] DEBUG org.apache.http.wire  -  << "Content-Length: 5688[\r][\n]"
[main] DEBUG org.apache.http.wire  -  << "Date: Tue, 31 Aug 2021 17:28:09 GMT[\r][\n]"
[main] DEBUG org.apache.http.wire  -  << "Connection: keep-alive[\r][\n]"
[main] DEBUG org.apache.http.wire  -  << "Vary: Accept-Encoding[\r][\n]"
[main] DEBUG org.apache.http.wire  -  << "X-Cache: TCP_REMOTE_HIT[\r][\n]"
[main] DEBUG org.apache.http.wire  -  << "X-CDN-Proto: HTTP1[\r][\n]"
[main] DEBUG org.apache.http.wire  -  << "X-CDN-CLIENT-IP-VERSION: IPV4[\r][\n]"
[main] DEBUG org.apache.http.wire  -  << "Timing-Allow-Origin: *[\r][\n]"
[main] DEBUG org.apache.http.wire  -  << "Access-Control-Expose-Headers: X-CDN, X-CDN-CLIENT-IP-VERSION, X-CDN-Proto[\r][\n]"
[main] DEBUG org.apache.http.wire  -  << "Access-Control-Allow-Origin: *[\r][\n]"
[main] DEBUG org.apache.http.wire  -  << "X-CDN: AKAM[\r][\n]"
[main] DEBUG org.apache.http.wire  -  << "[\r][\n]"
[main] DEBUG org.apache.http.impl.conn.DefaultClientConnection  - Receiving response: HTTP/1.1 200 OK
[main] DEBUG org.apache.http.headers  - << HTTP/1.1 200 OK
[main] DEBUG org.apache.http.headers  - << Server: Play
[main] DEBUG org.apache.http.headers  - << Expires: Mon, 29 Aug 2022 11:45:35 GMT
[main] DEBUG org.apache.http.headers  - << Cache-Control: max-age=31536000, immutable
[main] DEBUG org.apache.http.headers  - << Last-Modified: Mon, 05 Nov 2012 04:00:51 GMT
[main] DEBUG org.apache.http.headers  - << X-LI-Static-Content: 1
[main] DEBUG org.apache.http.headers  - << Content-Type: text/css
[main] DEBUG org.apache.http.headers  - << X-FS-UUID: 87f6a89566c49f163075529c382b0000
[main] DEBUG org.apache.http.headers  - << X-Li-Fabric: prod-ltx1
[main] DEBUG org.apache.http.headers  - << X-Li-Pop: prod-eda6
[main] DEBUG org.apache.http.headers  - << X-LI-Proto: http/1.1
[main] DEBUG org.apache.http.headers  - << X-LI-UUID: h/aolWbEnxYwdVKcOCsAAA==
[main] DEBUG org.apache.http.headers  - << Content-Encoding: gzip
[main] DEBUG org.apache.http.headers  - << Content-Length: 5688
[main] DEBUG org.apache.http.headers  - << Date: Tue, 31 Aug 2021 17:28:09 GMT
[main] DEBUG org.apache.http.headers  - << Connection: keep-alive
[main] DEBUG org.apache.http.headers  - << Vary: Accept-Encoding
[main] DEBUG org.apache.http.headers  - << X-Cache: TCP_REMOTE_HIT
[main] DEBUG org.apache.http.headers  - << X-CDN-Proto: HTTP1
[main] DEBUG org.apache.http.headers  - << X-CDN-CLIENT-IP-VERSION: IPV4
[main] DEBUG org.apache.http.headers  - << Timing-Allow-Origin: *
[main] DEBUG org.apache.http.headers  - << Access-Control-Expose-Headers: X-CDN, X-CDN-CLIENT-IP-VERSION, X-CDN-Proto
[main] DEBUG org.apache.http.headers  - << Access-Control-Allow-Origin: *
[main] DEBUG org.apache.http.headers  - << X-CDN: AKAM
[main] DEBUG org.apache.http.impl.client.DefaultHttpClient  - Connection can be kept alive indefinitely
[main] DEBUG io.restassured.internal.RequestSpecificationImpl$RestAssuredHttpBuilder  - Parsing response as: text/css
[main] DEBUG org.apache.http.wire  -  << "[0x1f][0x8b][0x8][0x0][0x0][0x0][0x0][0x0][0x0][0x0][0xc5]=[0xe9]n[0xf3]8[0x92][0xaf][0xa2][0xe9]A[0x3]q[0xaf][0xe9][0xf1][0x95][0xe3][0x93]1@[0xff][0xdc][0x1f][0xfb][0x0][0xbb]h4[0xc][0xda][0xa2]mMdI[0x10]e'i#[0xef][0xbe][0xc5]S[0xbc]t[0xd8]N[0xbe]F[0x80]$[0x96][0xc8]b[0xb1]XU[0xac][0x8b][0xf4][0xa4]"'[0x8a]7[0x19]A[0x94][0xe0]j{@[0xbb]4[0xab]IEQ][0xa5][0xfb]=[0xa9]PR[0x15]eR[0xbc][0xe5][0xeb][0xf5][0xb6][0xc8]k[0x92][0xd7][0xd1][0x4]WuB[0xb6][0x5]:[0x14]gR[0xf1][0xbe][0xf2][0x15][0xb4][0xc9][\n]"
[main] DEBUG org.apache.http.wire  -  << "J[0xd0][0xa6][0xce][0xc7][0x13][0x9]O[0xc1][0xa7][0xc]@[0x96][0x91]m[0x9d][0x16]9:[0xe3][0xec]D`[0x90][0xa2][0xc8][0xea][0xb4]D(I[0xe9]1[0xa5][0x14]mNu][0xe4][0x17][0x18][0xfb]P[0xc7]/[0xe5][0xfb][0xaa].J[0xfe][0xb7],h[0xca]z[0xc6]xC[0x8b][0xec]T[0x93][0xcf][0xc9]1Gx[0x93][0xc2][0x0][0xf4][0x94][0xd5]t[0xec]|^[0xaf]s|F[0x1b]\![0x98][0xd2];I.[0x1b][0xbc]}[0xdd]W[0xc5])O[0xe2]3[0xae][0x1e][0x10] [0x9d][0x15][0x15]j[0x1e][0xf3]Y[0xe0]4'[0xd5][0xe8]s[0xc2] [0x95][0x98][0xd2][0xb7][0xa2]J[0xd6]kz([0xde][0xf4]G[0x85][0xa4][0x87][0xd2][0xaa]A{S@[0x93]c<][0x1d][0x8]6[0x9b]N[0xfd]L[0xf3][0xf2]T[0xff]Q[0x94][0xe4][0xdf]5y[0xaf][0xff]t[0x6][0xe1][0xaf][0xc7]F#[0xf5]*[0xd8][0xf0]R[0xe2]$I[0xf3]=[0x92][0x83]N[0xcb][0xf7][0xcf]$=;M[0xc5][0xf0][0x88][0xbc][0x97]8OH5[0xee]A[0xa1][0xa3]y[0x1b]2N[0x97][0x8b]1[0xe1][0xd5]1[0xcd][0x91][0xfc][0xbc][0x98][0x3]~[0xde][0x12]q[0x8a]ok[0x8a][0xb2][0x94][0xd6][0xe8]<[0xbf][0x0][0x1f][0x94][0x19][0xfe][0x88]w[0x19]y_[0xb1]_[0xe8][0xad][0xc2]e[0xcc]~[0xf9][0xbd][0xf][0x4][0xb3][0x11][0xf5]:T$[0xc3]uz&+I[0x9a]x[0x16][0x1c][0x94][0xd6][0xa4]Di[0x9e][0xa4][\[0x17][0x95][0x1e]2/r[0x8f][0xa9]<&[0xd2]c[0xf1][0x8f][0x9c];[0x97]KX[0xef][0xb7]4[0xa9][0xf]b[0xd2]1[0xd8][0xe4]=[0x9e][0x1][0x13][0x1]O[0x1d][0x8a]tK[0xd0][0xb1]Hp[0x86]vxKj[0xce]fU[0x91]![0xcc]E[0x1][0x96][0x13][0x1e][0x8c][0xbd][0xb6]L[0xb6][0xce])yCG\o[0xf]$[0x11][0x9d])[0x93][0x94]m[0x86][0xd3]#[0xa9]D[0xcf][0xc0][0xf4][0x19]V[0xe1][0x99][0xbf][0x82][0xac][0x81]p^8[0xeb]K18[0x17][0x1f][0x98][0x9][0xba][0x10][0x7][0x81][0x14][0xff]s&[0xa3][0x9e][0x15][0xbb]0$wY[0xf1][0x16][0x1f][0xd2]$![0xf9][0xca][0xc7][0x85]/,[0xad]?2[0xc2][0x9][0xbc]R[0xd4][0xde]Wi[0xb2]b[0xbf][0xd0][0x1e][0xd6]w[0xc6]E[0xe6][0x1d][0xd1][0xf4]/[0xb6]n[0x1b][0xe0],[0xc0][0x8][0x9e][0x88]&59B[0xa7][0x9a][0xe9][0x99][0xec]t[0xcc]i[0xfc][0xf8][0x2]B[0x16][0xf1][0xdf][0xe][0x8a]h[0x8b][0xab][0xe4]Rs[0xad][0x4][0xe3][0x14][0xa7]Z.[0x95][0xe2][0x9]X[0xad][0x88]I([0xa0][0x8d][0xeb]8#[0xbb][0xda]d[0xd3][0xa7]Gxe1![0xce][0xd2]}[0x8e]R@[0x81][0xc6][[0xd0]q[0xa4]ZmO[0x15][0x5][0xf2][0x95]E[0xca]>[0x86][0x10]X[0xaf][0x1][0xe3][0xfa][0xe3][0x82][0x90][0xd2][0x95][0xf0][0x12][0x96][0x1e]$[0xa9][0xd8][0x3]/[0x1f]>[0xd6]{R[0xff][0xf][0xe8][0x9a][0xff][0x96][0xe2]2[0x99][0xcd][0x1f][0x81]X9Q[0x98][0x88][0xc5][0x19][0xd6]}[0xb4]b[0xc2][0x8c]8[0xaa][0x12][0xc9]0VGPo@[0xc4]c[0x9]K[0x91][0xd7][0x9a][0xf5][0xd3][0xfc]@[0xaa][0xb4][0xe][0xcc]5[0xc]&[0xc7]GF[0xdd][\r][0xc9].|`[0xc6][0xf0]y[0x1d][0xa3][0x1f]?~[0x0][0xf9][0xe4][0x4][0xe6]S-[0x17][0xfc]_[0xb5][0x0][0xd3][0xd5][0x11]W{[0xc0][0x83][0xb1][0xe9][0xb4]o[0x0]D[0xb7][0x15]!9[0xbc][0xe6][0xb2][0xee]0\{[0xef][0xcb][0xe][0x18][0x15][0xbd][0xc9]U[0x9d][0xb6][0x8c][0xb3]%Yv[0xd1][0x88]E-[0xec]$[0xda][0x1][0x1f]U[0xc0][0xcb][0xdb]C[0x9a]%Z[0xf9]2[0xfe][0x9][0xa9][0x19][0xb3]_[0x86][0xbd]nBg[0x87][0xd4][0x93][0xda][0x12][0xd7][0xeb][0xea][0x94][0x91][0x8b][0xd2]+[0xbf]J[0xa2][0xc5][0xf8]T[0x17][0x9e]b[0x89]<[0xed]!7d[0x4]L[0xce][0xc8]fq[0xf4]N[0xb4]Nw[0x1f][0xaa][0x8d][0xe2]j[0xae]m[0x93][0xb4][0x12];t,D-[0xc4][0xfe][0x86][0xb8],[0xa7]l[0xdb][0x9][0xa0]#[0xd9][0x96]K[0x1][0x88]?[0xc8].0[0x1f][0xa1][0x14]4[0x8d]X[0x19][0x90]t[0x2]\[0xbf][0xac][0xc8]qej#[0xa1][0x85]8W[0xc1]23[0x0][0x7]LS:[0xea][0x18][0x84]\[0xaf][0x85][0xe6][0x2]]}1[0x11]|[0x9][0xe0]g[0xa2][0xa5]W[0x9f])[0x94][0xa9][0xd7]t[0xbd][0xde][0x15][0x5]L[0xda][0x84][0xf9][0xb4][0xe4][0xda][0x8a][0xab]([0xc6][0xc3][0xa0][0xbc]"0[0x0][0xd2]$[0xb2][0xec][\n]"
[main] DEBUG org.apache.http.wire  -  << "[0xd1]`[0x7][0x12]W[0xfb][0xd8][0x3]\B[0x12]f{H[0x8d]K[0xed]5[0xba][0xe]|p[0x95][0x4][0xbf]L[0xa3][0xf9][0xb2][0x91][0xc9][0x1f]O[0x1]r[0xf8][0xb8]x[0xfc]d4aKs[0x91][0x12],[0xd8][0x98][\r]p'PaQQ[0x5][0x97]K[0x15][0xe3][0xf4]U[0xa3][0xa1][0xb8]n[0xf4]42gZX[0xc8][0xaa][0xfe][0x12][0xc],[0x4][0x84]x[0xb6][0xef][0xcb][0x9c][0x9d][0x81]u[0xec][0x95]S"[0xae]"
[main] DEBUG org.apache.http.wire  -  << "[\r]W[0xf9]YZ[0x84][0xb3][0xa7][0x86]y[0xd4][0xa3][0x1b][0xf8][0xa7][0xcd]<[0xb8][0x98][0xc3][0xcf]B[0xab][0xdd][0xd6][0xb3]Eh[0x99][0x8d][0xc5]H[0xef]I[0xed][0xbd][0x80][0x95]6[0xb0][0xcd][0xaf][0xa1]V[0x10][0xb7]>L3/ [0xbb][0x9d][0x9d][0x1b][0xac][0xd8]'0[0xa5][0x80][0x9d].[0xa6][0x8d][0xf0][0x5][0xf0][0xe2][0x18][0xef][0x98][0xee][0xb0][0x97][0xfb][0x94][0xc3]V>[0x1c]xc[0xef]]n[0xd2][0x93][0x1][0x86]][0xaf][0xb9][0x10][0x7][0xf6][0xb0][[0x8c]P[0xe0][0x8e][0xd7][0x8b]#[0xa7][0x9b][0xac][0xd8][0xbe][0xae]La[\n]"
[main] DEBUG org.apache.http.wire  -  << "[0xe9][0x8]i[0xf][0xff][0xbd][0x82]$p[0x0][0xf3][0x82]2[Z2[0xc0][0xbc][0x85][0x3]B[0x6][0xbc]/s[0xf7]n[0xe][0xe1]an[0xe1][0xd8][0xc1][0x80][0xae]b[0xd5][0x10]T[0x9b][0x9b]ZQ[0xe9][0xe6][0xc1][0xa0][0xbe][0xf2]:[0x1a][0x12][0xe1][0xf2][0xc8][0xbd][0x12]br[0xf9][0xc5][0xf0][0xe9]:[0xed]'ZBs[0xb4]![0xf5][0x1b][0x18][0xaa]}[0x6][0xd3]K[0xc3][0x1e][0x15]N[0xd2][0x13]e[0x9e][0xda][0xaa][0xae]p.=[0xa7]&[0x1e][0x11]M[0x16]4[0xda][0x9e]6[0xe9][0x16][0x80][0xff][0x95][0x92][0xea]a[0xb2][0x1c]O[0xc7][0x93][0xf9]x6x[0x12]1[0x8f][0xd1]\[0xac] [0x87]K"[0xe3]%S[0xc2][0xa8][0x6][0xa6][0x14][0xb1][0x9d][0xc1][0xc3][0xc8][0xd5]4(f8$[0xc2][0xc7]R[0xe6][0xc8]5[0x8a]Fz[0xb8][0xa6][0x1e][0x9][0xda]sm[0xbd][0xe1][0xff]s[0x5][0xde][0xac][0x9]E[0xc7]h8[0x98][\r][0xce]s[0xc3]>6[0xf5][0x16][0xe0][0xaa][0x8d]m[0xd1][0xac][0x9][0x10]qsP[0xce][0x16][0x96][0xcf]X[0xe0][0x99][0x5][0xb8][0xe9]1I)[0x12][0xf1][\n]"
[main] DEBUG org.apache.http.wire  -  << "[0xf4][0x17][0x10][0xb9][0xd9][0xbb][0x9e][0x98][0xe4]Z[0x10][0x9e]mgX[0x99][0xf2][0xf0][0xe8]s[0xc2][0xb1][0x7][0xce]I[0x85][0xcd][0xef][0xe1][0xc5][0xfb][0x1d]p[0x2][0x1e][0xd2]4b?L[0xff]T[0xfb][\r]~[0x98][0x8e][0xd9][0xcf]d[0xf6]8[0x1a][0x83]M[0x8]O[0x17][0xce][0x9b][0xf9][0xc8]bC[\r](zY[0x1c][0xe9][0xaa][0x85][0x83][0xde][0xe][0xc0][0xe9][0xe3][0xee]v[0xbb][0x91]v[0xf0][0x98][0x6]T$[0xfc][0x9c][0xe4][0xe4][0x8d][0xb2]e[0x2]ofl~`q[0x98][0xa2][0xfa][0xe0][0xb6]E3.*[0xab][0xa2]$U[0xfd][0x11][0x1f][0xf1][0xbb][0xa4][0xc8][0xb8][0x0][0x1]K[0xeb][0x8f][0xcf][0xdf][0x8f]$Iq$<[0xc2][0x8][0x83][0x84]<[0xa0]#[0x90][0x15][0x1a][0x9]m[0x4][0x8e]V,#[0x17][0x97][0x1][0xa4]bRh(h[0xd1]S<[0xfe][0xfc][0x9c][0xd4][0x7][0x2]N(([0x9e]j[0xb]d[0x88][0x86][0xc2][0xe3]Q[0xe][[0xc2][0x95][0xb0]U[0xb9]~[0x86][0xd8]TN[0xc7][0xd1][0xca]X0[0xd1][0x8c]d[0xe4][0x8c]9)[0x18]i[0x92][0x91]EA[0x84][0x84][0xdf]{i[0xa8][0x3][0xfe][0xb4][0xa4][0xf][0xfc]wNi[0xba]I3[0xf6]AFd[0xc][0xd2]&[0xa7][0x8a][0x3][0x8e]'[0x8f][0xd4][0x81][0xca][0xfb][0x81][0xbb]i[0x80][0x5])f^[0xbb][0x82]=[0x1b][0x4][0x9][0x94]3[0x81][0xe5]IK[0xde]L[0x86][0x90][0xc3][0xc6]A[0xa3]+[0x1c][0x8][0xca][0xe2][0x4][0x93]<[0xcb]@[\r][0xdb][0xb4]|4[0xb4]q[0x0][0xde]S[0xe3][0xeb][0x98]l[0xc8][0xb5][0xe][0xe7][0xfa]Y[0xe3][0xbc][0xc5][0x8b][0xe0][0xde][0xcc][0x94][0xc5][0xc8][0xc1][0x89][0xc7]q[0x96]![0xcd][0xb3][0xd4]a[0xe6][0xba][0xd8][0xef]Y[0x10]][0xbf][0xb7][0xb4][0x96]p[0x91][0xac][0xe]y[0xc1]7[0x11][0xae][0x9a]|[0x9d][0xcc][0x91]X[0x81]Z[0xab][0xd3]-(8[0xa1]H[0xc5][0xae][0xec][0xa2][0xa6]F[0xbc][[0xd5]w[0x81][0x8d][0xc2]k[0xd4]b[0x92][0xca]x[0x14][0xb3]1$[0xa3][0x8][0xeb][0xbe]e[0x4]!x[0xd7]a[0xae][0x3][0x94]a[0x98][0x8][0x15]Yr[0xc1]yz[0x14][0xe3][0xef]@[0xf3][0xa2][0xe2]TG[0xf3][0xd9][0xd3][0x91][0x82]O[0xcc][0x94]Z{gx[0xee]vNs[0xd1]w[0xc][0xbc]P[0x81]'[0x4]lC[0xd0][0xa9][0x8c][0x16][0xb]x[0xb8][0xd2][0x8d]Y[0xfe]$c I[0xbc]+[0xaa]7\%[0x1d][0xc3][0x0][0x91]*[0xdc]&[0xcb]nl[0xd5][0x93][0xed]v[0xb8]aq[0xb6][0xa4][0xd9][0x80]&[[0xbb][0xe0]N[0x1b][0xdf]B[0x13]Q|[0x9b][0xf1][0xd3][0x1a]Fb[0x86][0x11][0x8b]x[0xfb][0xaf][0x10][0x8f]A1[0xeb][0xbe]![0xa8] [0x1e][0xcb]*[0x9][0xf2]E[0x8f]O[0xcf]@Y[0xbd]H[0xb3][0xc5]\?[0xb4][0x9][0x1d][0xcd][0x9e][0xd9][0xca][0x8d][0xad]%[0x89]f?[0x16][0x8b][0xeb][0x16][0xa1]"[0xbb][0x8a][0xd0][0x3]C[0xab][0xa1]8[0xd7]p[0xd0][0xe1][0x18][0xf3][0xff]X[0xc4][0xf9][0xff][0x1e][0x10][0x9b][0xf3]h[0xe5]"[0xaf][0x11]2P[0xd7][0xf8]L[0x9e][0xbd][0xc9][0xcc][0x1e]_[0xae]DQj[0x94]N[0x5]a[0xda][0xbf][0xbe][0x8a]1 DY* 9*[0xe5][0x8][0x9c][0xe4]-=[0x97]x[0x16][0xc0][0x4]A([0x10][0x6]C[0x94][0x82]2[0x93][0x8a][0x82]=[0xf7]t[0x9f][0xc8][0xe2]IK[0xa5][0xe5]-[0xf3][0x13]=H[0xd2]d\[0xcc][0xa7][0x1e][0xf6][0xbd]XH[0x9f]e|u[0xb7][\r][0x1][0x92][0x83][0xd5][0xc1][0xdc]3\[0x13]_.[0x1b]5I[0x2][0xb] [0xdc][0x9e][0xb1]x[0xb4][0xc9]N[0x4]=O[0xc7][0xff][0x9c]N[0x9f][0x17][0x9b][0xd9]h[0xc0][0xfe]![0xd5]uPQ[0xfe][0xfe]J>v[0x15][0x6][0x9f]'[0x92][0x8c]u[0xd9]U[0xc5][0xb1]a[0xd5][0xcf][0xba][0xd0][0x1f]f[0x9f]^{`;[0xbb][0xc3][0xcc][0xec]0[0xb5]:4[0xb2]([0xba][0x4][0x85]`:b[0x0][0x82][0xaf][0xb8]x[0x4] [0x9e][0xca][0xe]x[0xa2]S[0x1b][0xc8][0xa9][0x3][0xcf]R[0xb8][0x1d]Pg[0xbd]P'%![0xaf],6_[0x9c]([0xc9][0xfc]l[0x82][0xf5][0x1a][0x96][0x8d][0x8d]I[\r][0xf3]4[0xd6][0x90]#0}"[0x82])i[0xe9][0x14][0xc7][0xe8][0x8d]l^[0xd3][0x9a]%0[0x8a],cqi;[0xd4][0xe5]t[0xe3],[0xcb][0xdc]F0[0xaa][0xd3][0xfa][0x0]K(XV[0xc4][0xcb][0xd4][0xe6][0xde]X[0x8b]}@(a[0xde]QEDB[0xcc]N<[0xf0][0x90][0xb0][0x9f]j[0xf5][0x82][0xff][0xe1]LA[0xc7][0xa8])[0xb7][0x89]Y[0xb6][0xb6]l[0xbc]s[0xed][0xf4]Y[0xdd]T[0xfc][0x80][0xca][0x8]R[0x9b][0x8a]3[0xe3][0x8e][0x8f],[`&[0xc9][0xe6]"[0x81]`,[0x90]n[0xae][0x17][0xa8]7[0x86][0x1c][0x9c][0x95][0x83]^[0x87]"[0x90][0xf6]bWo[0x84][0xc0]ty[0xb3]B[0xa8][0xcf]<[0x84][0xda][0xd6]IF[0xa3][0xdb]hb[0xcc][0x97]?ncF[0xf][0xa2][0xcc]a[0x15];[0x96]J$[0xb6]K[0xbc][0xec]Z"[0xd1][0xfd][0xf] %[0xcb][0xac]&[0xb6][0xa0][0x86]T[0x3] [0x88][0xac][0xff][0xd8]`[0x9a]n[0xf9]p[0x98]Y[0x8d][0xd1][0xc4]y[0x0][\n]"
[main] DEBUG org.apache.http.wire  -  << "W[0xb8][0x9]$Q|[0x16][0xa8][0xac][0xd0]Iu3[0xd3].BM+[0xc3][0xca]Y[0x8]+G[0x8a]5[0xfa][0x10]I[0x84][0xa1][0x86]eS[0xff][0xb1][0xfa]rg[0xe][0xfc]Fz'Yb[0x91]S6P[0xbb][0x2][0x1a],'[0xc8]6[[0x9b][0xc1]v[0xb6]A[0xe];[0xe3][0xdd][0x9e] [0xa7]uE[0xea][0xed][0xc1][0xcb][0xf5][0xc2]?[0xd7][0xc6]D[0x9d][0xba]$f[0xb2][0x89][0xc4][0xaa][0xc2][0xca][0xcc][0xc7]F[0x13][0xa0][0xf][0xec]m2[0x8b][0xea]|d![0xc3]s[0xca][0xea]Yn[0xa1][0x97][0x95][0xf7]5fq[0xf3][0x2]D[0xaa][0x93]~[0x8b][0xce]s0\R3[0x80]v[0x13][0xe4][0xae]wH[0xba]L[0x8d]V^[0x19][0x11][0x90][0xfe]R[0x10][0xb1]b7[0xa1]%6[0xaf][0xdb][0x88]/[0xbd][0xcf]V[0x8a][0xdd][0xee][0xee][0x86][0xb1][0xe1][0xe1]eV[0x8a][0x16]PBl[0xd5]YTA[0xe8][0xcb]i/[0x8][0x1d]g[0x97][0xca][0xb7][0xc5]A[0xe7][0xda][0xbc][0xc4][0x15][0xf0]l/[0xc8][0xc8][0x81]iGH][0xc4][0x8c][0xda];[0xca][0xac][0xa7][0x12][0xe7]`[0xf5][0xb4][0xd5][0xad]M[0x9b][0xaa]5^[0x9a][0xb1][0xb2][0xdd][0xc7][0xf3][0xc1]sI[0x3]v[0xd6][0xff]>0[0xee][0xb5][0xb6]([0xc3]fr[0x3][0xda]<[0xf0][0xb8][0xe0][0xf1][0xec].[0x94][0xed]T[0xbf][0x13][0x11][0x9a][0xfe]#=[0x96]`!b[0x83]|A(^[0xc5][0x80][0xda]n[0xf4]~[0xf1][0xae][\r][0xc1]Nl[0xba]^"T[0x94]$7,PKM[0xb4][0xe0][0xd5][0xc6][0xdd] [0xb3][0xb0][0xb1]z[0x9d][0x8c][0xd4][0x1d]zC$[0xe5][0xbd][0x8a][0x97]o[0x1e]TE[0x8][0xcc]q[0x97]}[0xe3][0xf2]X=[0xec][0x1d][0xd2][0xfb][0xb2]j%[0x9b][0xb4][0xbf]bH[0xc9]}[0xe1]][0xdc][0x90][0x9b][0x86][0x5]8[0xd3][\n]"
[main] DEBUG org.apache.http.wire  -  << "5[0xfa]8[0xe7]V[0xa7][0x8f][0x8d](q[0x15]5[0xa8]|[0xe3][0xe2][0xe1][0xb].sv[0x80][0xb1][0xab][0xdc]@[0x6][0xa3][0x8b]<[0xfb][0xb0]"[0xd2][0xcd][0xf8][0xdc][0xa9][0x1d]]n[0xe3][0xc9]@b[0xec]*8M5Lc[0x85][0xb3][0x1f]n[0xfa][0xeb][0xb0][0xe8][0xcb][\r][0x4][0xe2][0xbb][0xd3][0xa0]^q^[0x1f][0xc4][0xbe][0xf9]P$[0xc9][0xc8][0xad]X[0x1d]8[0xb6][0x1][0x85][0x9c]I>[0xb2]I[0xc3][0xa0][0xdc][0xb3][0x14]W"[0x1d][0xe4][0xee]+Q[0x6][0xff][0xdb][0xb5]nt[0xd5]5N[0xce]8[0xdf][0xb2][0xc][0x96]x[0xa0]M[0x17][0xa9][0xe2]E[0xbe][0x8][0xf1][0xfc][0xb4]L[0x1d]Im[0x18][0xd8][0xfd]:[\r][0xaa][0x8e]![0x1]Y[0xf9]!T[0x16][0x83][0x1a][0xe]Ryb[0xd4][0xc6][0x9f][0xc0][0x90]y[0x82][0xab][0xf]=[0x98][0xa8][0xfb][0x8e][0x86][0x9b][0x2][0xbe]s[0x10][0xb0][0x91][0x8c]!u|K[0xd8][0x10]:[0x7][0xd1][0xa5]=Z[0xd2][0xc6][0xb6][0xef][0xf9][0xc4][0x1c]MG[0xc5][0xae][0x8c][0xe2]17[0xab];[\r][0x93][0xa4][0x5][0xbf]+[0x83][0xf7][[0x9c][0x9f]1[0x1d][\r][0xcc]w[0xb7][0xad][0xbc][0xac][0xba]2[0xea][0x1]x[0xb5] [0x2]_[0xb][0x90][0xa1][0xa1][0xe8]~[0xd0]=07[0xe0][0xe1][0xc7][0x9][0xd8][0xee][0xd8][0xd8]",[0xca][0x91]n[0xaf][0xe9][0xdf]d[0xde]L[\r][0xc7]"[\r][0xa6][0xe1][0x2][0xa4][0xde]>p[0xeb]%B[0xd1]#[0x17][0x9e][0xe8]q[0xce][0xff],[0x17],[0xb0][0xab]m[0x1a][0x9e][0xec][\r][0xa4][0x18][0x9b]T[0xef][0xf3][0xd3][0xb][0xd7]"[0xb7][0xe0][0xd8]@[0x11][0xb1][0xce]kg[0xda]w[0xf0][0x82][0x1e][0xac]RV[0x1f]|Y[0x11][0x94]`z[0x13][0xb6]+3[m[0xf8][0xe2]F!/[0x8f][0x1e]\[0xb1][0xf8][0xac][0xfa][0x9a]iD=&B9[0xae]X[0x94][0xa4][0x19]{[0xbe][0x9c]v@mTc[0xbb][0x6]l[0xb8][0x95]kA[0xe5][0xcb][0xc]pF[z[0xde][0xb7][0xed][0xb][0x91][0x17][0xc7]7[0xc][0xda][0xbd]p~[0xe8]n[0x1f]o[0xf]d[0xfb]J[0x92]xWlO[0xf4][0xbf]xm[0xb4][0x8e]dKGn[0xde]7[0x95][0xb0][0xc8][0x6][0x94][0x14][0xdf][0xc9]D[0x81][0xb7][0xe3][0xfa][0x8b][0x3]0[0x15][0xc1][0xaf]1[0xff][0xcd][0xa2][0xda][0xfe]C[0xf6]`u[0xf8]([0xf]$[0xa7][0xc2]z+N5[0xcf][0xf5][0x19]jW[0xe2]:k[0xb6][0x13][0x1d][0x88]29K[0xe4]N;[0x91][0xb4]\t[0xbb][0xba][0xbc][0xbb][0x9f]&[0xe0][0xd5]![0x11][0xc5][0x8][0xed][0x15][0x8][0xe3][0x7][0x0][0xbd]%[0x12]"m[\n]"
[main] DEBUG org.apache.http.wire  -  << "[0x13]zP[0x12][0x85]X[0x8a]^\+[0x85][0xa6][0xe1][0x1f][0xa6]j[0xc4][0xd7][0xd2]in[0xe1]\[0xb]9}x[0xdc][0xf0][0xf3][0xac]_[0x92]'[0xb6]}l[0xe5][0xb9][0x87][0xc2]6[0xc4][0xfe][0x11]t[0xb3][0x99][0xa9]d[0x9f][0x87][0x1][0x91][0x99][0x9a][0x80]C[0xdb]H[0xe3][0xfc]qj[0xa9],[0x87][0x18][0x8b][0x96]m[0xba]u0P]2#[0xe3][0xe7][0x87]Y[0x4]6[0x82][0x1]Yf[0xf9][0xaa][0xd3]o[0xca][0xb4][0xb9]!2g[0xd5][0xc0].x[0x85][0x83][0xfa]5 [0x1c][0xe9][0x18]-[0xdc]![0x88][0x1a]c[0xa6];R[0xe7]X[0x19]7[0x9d][0xf7][0xeb][0xca]n~Nr|N[0xf7][0x1c]aV[0x7](,[0xd2]f[0xf][0xe1]G[0x8b]8[0x93][0xba][0xc5]f[0x86]>z%[0xa4][0xe4]:[0xca];u[0xe0][0xda]r[0xa6]][0xd9][0xb6][0x91]i[0xcb][0x9]W<[0xed][0xc1][0xc3][0xe4]*[0xb7][0xfa]GJU[0xae][0xfb][0xcf]?[0xd8]H[0xff][0xa6]G[0x18][0xf9][0xcf][0xd0]QH[0x3][0x10][0xcb][\r][0x9c]J[0xe8][0xd4][0x7]GY[0xbe]-[0xc6][0xb6][0xa4]O[0xc9][0xf2][0xca][0xd2]l7[0xce][0xde][0xad]x[0xa5][0x16][0xe2][0xb5][0x8a]q^[0x88][0x3]u>[0x10][0xa3]7,[0xc5][0x9]x2P[0xcf]x5[0x9b][0xf2][0xc0][0x9b][0xcb]l[0xdc][0xb0][0x18]b[0xc0][0x6][0x13]8[0xc6]r[0x1a][0xe7][0x1b]8[0xcc][0x96][0xf3]-[0xda][0xe9]e?KY[0xb5][0xd7][0x9c]O[0xea][0xa5][0x6][0xec]Y5[0xf2][0xea][0x11][[0xb4]ih}[0xcd][0x13][0xa8][0xd3]h[0xea][0xf8]P[0xd3][0xc0][0xe1][0xb9][0x9e][0x83]hC[0x7][0x8e][0x2][0xed][0x1a][0xd1]r[0x5][0xcb][0xb3][0xc9][0xef]w[0xaf][0x1d]:x[0xe][0xfc][0x95][0x2]g[0xd7][0x89][0xbb]AI[0xb9][0xce]H[0x96]D_'[0xca]-[0x19]`[0x87]$ftS[0xc][0xd7]d[0x1b][0x9b][0xca][0xc7]+G[0xbe]k[0x8d][0xee][0x9a][0xa6]YE[0xde][0xc7]S[0xf4][0x4][0x96]<[0xad][0x9b]p[0x81]N[0x12][0x8a][0x18][0x11]=T,]j[0x1d]|6[0xb6]_[0xbb][0xc2][0xdf]e[0xf8][0xdb][0x7][0x8f][0xfa]R[0xa9][0xe1][0xd3][0xa5][0xba][0xde][0x9f]GR[0x14]3[0x97][0x1][0xd4][0xa4][0xf8][0x1][0xec][0x9d][0xaf][0x6][0xb9]8[[0x7][0x9d]o[0x9d][0x87][0xb6]H[0x95][0xf2][0xfa]%[0xfa]eeW'[0x9b][0x84][0x95]E[0x8f][0xd3][0xd0][0x1][0xf9]U[0xab][0x5]<[0xc][0x15][0xc4][0xe5][0xb3][0x8f][0xb0]][0x19]et[0x1f]-[0x4][0x2][0x1][0x1b]=f[0xdb][0x0]W([0xb0][0x93][0x0][0x91][0x1e][0xe6][0xcf][0xd3][0x84][0xec][0xc7][0x86]o1[0xee][0xb5][0x9c][0xa2][0xe7][0xa7]_G+uZ[0xe1]v[0x1c][0xf9]T{[0xd9][0xcf][\n]"
[main] DEBUG org.apache.http.wire  -  << "[0xa0][0xdd]K[0x16]A[0xdd][0x1]t[0xf9]q+Yz[0x83][0x9d][0x12]I[0xee][0xa0]j[0x1c][0xa5][0xc5]0hO[0xb7]7_s;[0x9f][0xab][0x8f]MJ[0xc1][0xda][0xde][0xbb][0xad][0xf][0x98][0xab]g[0xd6][0xf2]n}[0x87][0xba][0xfb][0xac][0x6][0xae][0x1b][0x99]E[0x8b]Kj[0xac][\n]"
[main] DEBUG org.apache.http.wire  -  << "[0xd7][0xab][0x8e]v[0xd6][0xf6][0xbc][0x1b]F[0xd1][[0x95].[0xb9]t[0xe8][0xab]AI[0xa3]C[0x86][0x1d]|[0xad][0xf0]K@[0xde]%[0x91]^[0xf4][0xb1][0xeb][0xa1][0x86]<[0xab][0xdb][0xc0][0xd5][0xeb][0xe8][0x6][0xd2]6u[0x18]<4$[0xf2][0x86][0x8d][0xba]o;[0xc6]p[0xcd]^'"[0xea]W[0xc6]G[0x1d][0xcb][0xd3]=[0xb1][0xdf][0x1e][0xc3]W[0xe1]Y'[0xb6]$[0xa6]8[0xd8][0x1b]Rl#/[0x1b][0x88][0xb8]-[0xa2][0xb9][0x98][0x19][0x9f][0xce][0xbd][0x8][0x1d]([0xe5][0xe4]M[0xa6][0x16]tX\[0x97][0xdb]^[0xd3]iPp[0xdd][0xf1][0x7][0x83]Fq[0x5]~[0xaf][0xe][0xe9]_[0xdc][0xb][0x1e][0xfc]c6} [0x90][0xce][0xbf][\n]"
[main] DEBUG org.apache.http.wire  -  << "[0xfd][0xd1][0xed][0xb5][0xc][0xf][0xca]/[0x95][0x1f]<@![0x81][0xdd][0x92][0xee]:[0xb2]$[0xac]^_[0x1d][0xd1][0xf][0xb9]D[0x3][0x8a][0xe9][0x9c][0xc8][0xc3]3[0xdf][0x4][0x9c]:[0x15]]A[0x1b]~[0xce][0xd4]AQ[0xc9][0xd5]7T([0xac][0xd3][0x1][0x96][0xfa][0x8d]l[0xd6]k[0x9d][0x7]L[0xf7][0xa2][0xa4][0x14][0xd1]mQ[0x12][0xd8]5[0x8]c[0xee]q\[0x15]E[0xdd]q1[0x5]2[0xc8][0x9][0xb8]f[0x9][0xa7][0xe9][0xc0][0xf6][0x99]T[0xd3][0x83];[0xe4]E[0x5][0xbe]-[0xd7][0xf1]}=v[0xf8][0x98]f[0x1f]H[0xde]U[0xa1][0xef][0xac][0xe8][0xeb][0xc6]Y[0x13][0x16][0xb][0x16]m[0x1b][0x8b]?[0x3][0xfb]H[0xdc][0xc4][0x1f]o[0xa9][0xc8]qC[0xc0][0xdf]HP[0xb1][0xf9][0xf],tW9o[0xdb]j6[0x87][0xc3][0xfa][0x1a]\t[0x19][0x95]sn,[0xc8]j[0xad][0x3][0xaa][0xfd]:[0x10]1[0xeb][0xd4][0xac][0x14][0xf8][0x1d]t[0xa2][0xe8]e[0xc4][0xcf][0xad][0x92]8\[0xd7][0x98][0x1f][0xbe][0xab][0xc4][0x95]$[0xa6][0x9d]*+[0xf5][0xc4][0xf6] xv[0xd9][0xce][0xfe][0x8d]][0xc1]Ka[0x8d][\n]"
[main] DEBUG org.apache.http.wire  -  << "ZO=[0xb5][0x1]8[0x1d][0x99][0x82][0x11][0xcb][0xa1]w[0xdd]_~[0xe9][0xeb][0x80][0xd0][0x8c][0x1f][0xbb]r[0xe][0x4]Z%[0xa7][0xa0]r[0x9c]r[0x3][0xe3][0x8d]_"ca@[0xb2],-A[0xdd][0xc][0xc5]#[0xfa][0xed]b[0x8e]-y[0xde][0x8][0xde][0xff]NO%[0xfb][0x9f]F[0xf][0xaa][0xde][0x98]w[0xd8]f[0xf8]X[0xc6]s[0xf0][0xc9][0x7]N[0xf8]_[0xbf][0xfd][0x83][0x1f]w,+[0xc2][0xee][0xcb][0xa9][0xe2][0xa8][0xd8][0xed][0xa2][0xdf][0xfe][0xa5][0x8][0xa1][0xa0]3[0xaf][0xc9][0xf8][0x1f][0x15][0x15][0xb3]4c[0xb5]o[0xae][0x2]X[0xcc]>[0xfb][0xa7];G[0xe2][0xd0][0xd4]-t_~%[0xdd]%"?[0x81][0xf0]j[0xca][0xdf]H[0xf9][0xf9][0x0][0xca]/[0xee][0xa0][0xfc][0xd3]WR~[0xf1][0xd3]([0xbf][0xf8]~[0xca]/[0x6]P~y[0x7][0xe5]_[0xbe][0x92][0xf2][0xcb][0x9f]F[0xf9][0xe5][0xf7]S~9[0x80][0xf2][0x8f]wP~6[0xfd]J[0xd2]?[0xfe]4[0xd2]?~?[0xe9][0x1f]}[0xd2];VR[0x9b][0x3]g[0x17][0x1e][0xb7]:rh~ke[0xbe][0x91][0x14][0x16][0x15]"[0xcd]y[0xfb][0x17][0xeb]r2^Ue[0x99][0xf3][0xce][0x9c]t[0xb6][0xe][0xcc]<@-[0xd3][0xc6][0xca]x`[0xbb][0xc8][0xf3]1[0xf8][0xe9]0~V[0x87][0x1d][0x16][0xe9]y[0xdd]3[0x8c][0xaa][0xb5][0x1e][0xd0][0xe8]NDz[0x9c]q[0xeb]~[0xaa][0xe0][0xfd][0x16]H[0x9e]][0x99][0xcb][0xd0]9[0x98][0xf6][0xec][0xe4]Z[0x1f][0xf]I[0xa3][0x10]<[0xc8]=[0xf1]n[0x1d]i[0x91][0x82][0xd4]9[0xab]o[0x17][0xf5][0x89][[0xb1]zF[0xd5]1[0x1d]c[0xfb][[0x96][0xd2][0xd9]c[0xc7]{[0xc0]#[0xf3]c[0xc4][0xd2]n[0xe7][0x97][0x8b][0x99][0xe7]RT[0x9d]q[0xcf][0xa0]|[0x92][0xfa]<[0x95]iQ[0x7]b[0xe7][0xd7][0xc0][0x8a]&[0xe9][0xf9][0x88][0xf8][0x9d][0x19]`[0xb7][0xb3][0xab]$[0x8f][0xfb][0xe0]8[0xa1][0xac][0xd3]W[\r][0xe4][0xbf][0xcb][0xb2][0x13][0xad][0x85][0xeb]d_[0xc5]5d[0x85][0x4]G[0xc][0xd6][0x9][0x3][0xe7][0xc1]\[0xc5]t[0x9b][0x85][0x1];>O/HqX[0xfa][0x9b][0x8d]\7z:[0xc][0xab][0xaf][0xdf][0x82][0xc2][0x93][0xff][0xb9][0xe6][0xae][0x8b][0x3]=mz[0x17]A[0x84][0x95]Zv[0xff][0xc9]=6o+6[0xdf]O[0xfc]f[0xe2]?[0xd7][0xd3][0xf3][0xf1][0x10][0x9e][0xf9]m[0xe4]_L[0xee]q[0xb2][p[0xf9][0x19][0xc4][0x17][0x93][0xfe][0x99][0xbc][0xcf][0x8f][0xbf]+Rt[0xbc]rb$i[0xe][0xdb][\n]"
[main] DEBUG org.apache.http.wire  -  << "[0xb]w[0xe9][0xa8][0xad][0xbc][0xf8][0xb7].j[0x9c][0xd9][0xfb]-[0xaf][0xcc]SupM5[0xc0][0xf2][0xc5][0xa9][0x6]h[0x87][0xc0][0xcf][0x5][0xf]8[0xeb][0xe7][0xe7][0xbb];[0xed][0x9b][0xe1][0x9b]@[0xef]>[0xea][0x99]qWE[0xa4]n5[0x16]e4[0xd1]M[[0x84]O5^n[0xaf]fm[0xb5][0x97][0xf8]V[0xaa][0x8e][0x1c][0xcc]e[0x16]CT[0x96][0x85][0xb6]b[0xbb][0xfd][0x93]Y[0x85][0x16][0xee]`[\r]$-[0xba][0xc6][0xc2]2/[0xed][0x99]F[0xfe][0x6][0xc6][0xa7][0xc2]v]vJ0[0xdf][0x9f]2[0xc][0xb3]?[0x9c][0x8e][0x9b][0xfc][0xaa][0xc5][0x7]&[0x7]i[0x92][0x17][0x91][0x84][0xec][0x14]$,[0x1e][0x92]\[0xa4] [0xef][0xd2]:n[0xfa][0x84][0xc9] gs[0xca][0xd9][0x95][0xc5][0xc6]=[0xe3][0xa6]=[0xe3]O[0xc9]k[0x1e][0xce][0xe6]u[0x99][0xdc][0xe2][0xc8][0x8f][0x1b][0x9c]}l[0xee][0xe][0xe6][0xe5]}[0xa1]{dzpA([0xa5]r>[0x97][0xd0][0xbd]1.[0x15]XI^[0xa3][0xe][0x9e][0xcc][0xbb]=*[0xd1][0xc3][0x1c]d[0xf0][0xa1]N[0xf2][0xe6][0xf3][0xb0][0xb8]u[0xa6][0xe5]v"E[0xa3][0xe][0x13][0x8c]W[0x7][0xb6][0x18]a[0x93]{[0xe2].[\r]b_[0xbf][0xe3][0x18][0x93][0xfe][0xde]M[0xc6][0xc0][0xac][0xa9][0xba]D[0xec][0x8a][0xeb]Xf[0xd0][0xdb][0x90][0xe3][0xcd]5[0x99]@[0xa6][0x8c][0xaa]M[0xd9][0xd5]7[0x1f][0x9a][0xae]J [0xac]k[0x81][0xf9][0xf2]ut[0x8a][0xb0][0x97]J3_[0x6][0x9d][0xe5]P[0x13]u[0xfd]Cw[0xd3][0xbe][0xcb]b[0xda]xUPf[0x93][0x1]cw"[0xac][0xdb]t[0x8c][0xc4][0xf].y[0xe3]lpb\[0xb5]k[0xd4]Q[0x86][[0xea]Ur[0xae],[0xe9]l[0xdb][0xfd][0xb6][0xb9][0x94][0xea][0xef][0x10][0xbd][0x9b]0[0xfd]z)[0xbd][0x8d]`?[0xd7]c[0x12]X[0xf0];[0xa3]:[0xdd]se[0xad][0x1b][0xdf]~[0x11]J[0xe9][0xd1][0x94][0x9d]#[0x86][0xbd][0x84][0xb2][0xe6][0x97][0xbe]*[0x1c][0xc1][0xd0][0x92][0xd4]=[0xc0]"<[0xac][0xd4][0xa8][0xcf][0x1d]v[0xa1][0x8a]#6[0x9e][0x1c]z[0xcd][0xc2][0xca]#[0xdc][0xec][0x6][0xdd]`[0x3][0x12]1[0x13]n8[0x9b][0xf7]-[0x5][0x1d][0xa5][0xb5]gk[0x87][0xeb] p[0xaa]7[0xd6][0xfa][0x80]j[0x88][0xf0][0xa9][0xea][0xeb]G[\r])5[0xe7][0x8b]c[0xee][0xa6][0x8f][0xd0][0xbd][0xbc][0x8][0xdf][0xba][0xc3]g[0xce][0xef][0xf0][0x19][0xd2]W[0x18][0x9c][0x81];[0xd4][0x9d][0xce][0xaa]0[0x86][0x1d][0xad]gj[0xdf][0xe7].}[0xa2]V5[0xb9][0x4]Jdn[0xd4][0x92][0xca][0x1f][0x6][0x19]/[0xf2][0xfd][0xe0][0xcd][0xe5][0x8a]$[0xee][0xf7][0xf9][0xf6][0xdf][0x9f][0xc0][0xfd][0x9b][0x13][0xb7]W$l[0xbb][0xa8]|[0xdf]>[0xfa][0xfd][0xc9][0xda][0xbf]9I[0xab][0xae]t[0xb7]/5b[0x9a][0xc9][0xff][0xe2]"[0x86][0x15][0xe2][0xf4][0x92]:[0x8d]?[0x15][0xff][0xf3]o5z1[0xe][0xa3][0x8]P[0xec][0xf0][0x9c][0xf3][0x1d]0O[0xa5]}[0xd5]}[0xd0]][0x96]h![0xf1][0x15][\n]"
[main] DEBUG org.apache.http.wire  -  << "v[0xc]%XH[0xa6]:hk[0xe2]H[0xf2]Ss|[0xe0][0xb6]bXo[0x14][\r]][\r][0xc7]F1[0xf][0xf0][0xce]C&[0x81][0x8d][0xd3][0x91][0xee][0x8d][0xaf][0xa4]RU][0x8d][0xa6][0xb4][0x9e][0xbc]Y|[0xb6][\n]"
[main] DEBUG org.apache.http.wire  -  << "[0xf0][0x9e]][0x89][0xe7][0x1c][0xc][0x1b]6[0x1]q[0xa6][0xcc]=[0xf7][0x1a]8>5[0x18]X[0xc0][0xaa][0xef]j[0xdc]bY[0xf4]wiuS:[0xbb]*[0xd3][0xc4][0xb8]Y[0xcd][0xcc][0x0][0xd9][0xb][0x13].ps3[0x85][0xc5]v[0xb][0xa6]"+><[0x0][0xf9][0xa8]Q[0xc0]8[0x1e][0xde]vc~[0xe9][0xce],|[0x16][0xdc][0xeb]|[0xca]Svw[0x1][0xce][0xcc][0xce]/[0xc1][0xd3][0xe9][0xd7]e;[0x3]%s[0xea][0xe0][0x96][0xbe]>[0xe9][0xfa][0xe3][0x9b]n[0xa1][0xbb]w4[0xca]C[0xb][0xcf]f[0xb0][0xf9][0xf3]/r[0x93]'[n[0xb8][0xce][0xad]mg[0xef][0x1b][0xc]!5{[0xa4][0xe8][0xc1][0xf]t[0xb5][0xd3]F[0x1f][0xb0]`wx6g7[0xb5]&[0xea][0xab][0xa5]u5[0x91]>[0x83]l[0x9f][0x9e][0x13][0x85][0xc6][0xe1]1[0x10][0x2]G@[0x15]t[0x87]J[0xe9][0xaf]Hd[0x9b][0xd9][0xde][0xe6][0xc6][0xbb][0xe8]Y\v)[0x8f][\n]"
[main] DEBUG org.apache.http.wire  -  << "[0x8]j[0xc2][0x16][0xf4][0xfa]![0xef][0xff]o[0xa3]|[0xaa][0xa5][\n]"
[main] DEBUG org.apache.http.wire  -  << "[0xf5][0xb1][0xaf]1@[0xfe][0x9d][0xee]R'!v[0xb7]LM[0xa5][0x8][0xde]0[0xde][0x84][0xb3][0xb8][0xfe][0x16]E[0xb][0xa8][0xf8][0xea][0x3][0xf9][0x8d][0x5][0x81]8[0xfc][0x80][0xef]?d[0xae][0x16][0xfb][0xfa]D[0x81]u[0xe4][0x3][0x93][0x7][0x94][0xdc][0xe7]VK[0xd2]w,[0xba][0xfb][0x1e][0xde][0xc0]A[0xae][0xb6][0xdb]\[0xf9]d[0x90][0xf8][0xc2]0[0x83]0>[0xde][0x1e]~[0x81]k[0xd0][0x16][0xc9][0xc3]t[0xcc]`[0x8d][0xa7][0xa3][0xcf][0xff][0x7]L[0xed]dxdu[0x0][0x0]"
[main] DEBUG io.restassured.internal.RequestSpecificationImpl$RestAssuredHttpBuilder  - Parsed data to instance of: class org.apache.http.conn.EofSensorInputStream
[main] DEBUG org.apache.http.impl.conn.BasicClientConnectionManager  - Releasing connection org.apache.http.impl.conn.ManagedClientConnectionImpl@19b047fe
[main] DEBUG org.apache.http.impl.conn.BasicClientConnectionManager  - Connection can be kept alive indefinitely
[main] DEBUG org.apache.http.impl.conn.BasicClientConnectionManager  - Get connection for route {s}->https://static-exp1.licdn.com:443
[main] DEBUG org.apache.http.impl.conn.DefaultClientConnectionOperator  - Connecting to static-exp1.licdn.com:443
[main] DEBUG org.apache.http.client.protocol.RequestAddCookies  - CookieSpec selected: ignoreCookies
[main] DEBUG org.apache.http.client.protocol.RequestAuthCache  - Auth cache not set in the context
[main] DEBUG org.apache.http.client.protocol.RequestTargetAuthentication  - Target auth state: UNCHALLENGED
[main] DEBUG org.apache.http.client.protocol.RequestProxyAuthentication  - Proxy auth state: UNCHALLENGED
[main] DEBUG org.apache.http.impl.client.DefaultHttpClient  - Attempt 1 to execute request
[main] DEBUG org.apache.http.impl.conn.DefaultClientConnection  - Sending request: GET /sc/h/8zvgdynwf7m2c7zwt2hcffwhq HTTP/1.1
[main] DEBUG org.apache.http.wire  -  >> "GET /sc/h/8zvgdynwf7m2c7zwt2hcffwhq HTTP/1.1[\r][\n]"
[main] DEBUG org.apache.http.wire  -  >> "Accept: */*[\r][\n]"
[main] DEBUG org.apache.http.wire  -  >> "Host: static-exp1.licdn.com[\r][\n]"
[main] DEBUG org.apache.http.wire  -  >> "Connection: Keep-Alive[\r][\n]"
[main] DEBUG org.apache.http.wire  -  >> "User-Agent: Apache-HttpClient/4.5.13 (Java/11.0.12)[\r][\n]"
[main] DEBUG org.apache.http.wire  -  >> "Accept-Encoding: gzip,deflate[\r][\n]"
[main] DEBUG org.apache.http.wire  -  >> "[\r][\n]"
[main] DEBUG org.apache.http.headers  - >> GET /sc/h/8zvgdynwf7m2c7zwt2hcffwhq HTTP/1.1
[main] DEBUG org.apache.http.headers  - >> Accept: */*
[main] DEBUG org.apache.http.headers  - >> Host: static-exp1.licdn.com
[main] DEBUG org.apache.http.headers  - >> Connection: Keep-Alive
[main] DEBUG org.apache.http.headers  - >> User-Agent: Apache-HttpClient/4.5.13 (Java/11.0.12)
[main] DEBUG org.apache.http.headers  - >> Accept-Encoding: gzip,deflate
[main] DEBUG org.apache.http.wire  -  << "HTTP/1.1 200 OK[\r][\n]"
[main] DEBUG org.apache.http.wire  -  << "Server: Play[\r][\n]"
[main] DEBUG org.apache.http.wire  -  << "Expires: Mon, 29 Aug 2022 11:45:35 GMT[\r][\n]"
[main] DEBUG org.apache.http.wire  -  << "Cache-Control: max-age=31536000, immutable[\r][\n]"
[main] DEBUG org.apache.http.wire  -  << "Last-Modified: Mon, 05 Nov 2012 04:00:51 GMT[\r][\n]"
[main] DEBUG org.apache.http.wire  -  << "X-LI-Static-Content: 1[\r][\n]"
[main] DEBUG org.apache.http.wire  -  << "Content-Type: text/css[\r][\n]"
[main] DEBUG org.apache.http.wire  -  << "X-FS-UUID: 87f6a89566c49f163075529c382b0000[\r][\n]"
[main] DEBUG org.apache.http.wire  -  << "X-Li-Fabric: prod-ltx1[\r][\n]"
[main] DEBUG org.apache.http.wire  -  << "X-Li-Pop: prod-eda6[\r][\n]"
[main] DEBUG org.apache.http.wire  -  << "X-LI-Proto: http/1.1[\r][\n]"
[main] DEBUG org.apache.http.wire  -  << "X-LI-UUID: h/aolWbEnxYwdVKcOCsAAA==[\r][\n]"
[main] DEBUG org.apache.http.wire  -  << "Content-Encoding: gzip[\r][\n]"
[main] DEBUG org.apache.http.wire  -  << "Content-Length: 5688[\r][\n]"
[main] DEBUG org.apache.http.wire  -  << "Remote-Cache-Status: TCP_HIT[\r][\n]"
[main] DEBUG org.apache.http.wire  -  << "Date: Tue, 31 Aug 2021 17:28:39 GMT[\r][\n]"
[main] DEBUG org.apache.http.wire  -  << "Connection: keep-alive[\r][\n]"
[main] DEBUG org.apache.http.wire  -  << "Vary: Accept-Encoding[\r][\n]"
[main] DEBUG org.apache.http.wire  -  << "X-Cache: TCP_HIT[\r][\n]"
[main] DEBUG org.apache.http.wire  -  << "X-CDN-Proto: HTTP1[\r][\n]"
[main] DEBUG org.apache.http.wire  -  << "X-CDN-CLIENT-IP-VERSION: IPV4[\r][\n]"
[main] DEBUG org.apache.http.wire  -  << "Timing-Allow-Origin: *[\r][\n]"
[main] DEBUG org.apache.http.wire  -  << "Access-Control-Expose-Headers: X-CDN, X-CDN-CLIENT-IP-VERSION, X-CDN-Proto[\r][\n]"
[main] DEBUG org.apache.http.wire  -  << "Access-Control-Allow-Origin: *[\r][\n]"
[main] DEBUG org.apache.http.wire  -  << "X-CDN: AKAM[\r][\n]"
[main] DEBUG org.apache.http.wire  -  << "[\r][\n]"
[main] DEBUG org.apache.http.impl.conn.DefaultClientConnection  - Receiving response: HTTP/1.1 200 OK
[main] DEBUG org.apache.http.headers  - << HTTP/1.1 200 OK
[main] DEBUG org.apache.http.headers  - << Server: Play
[main] DEBUG org.apache.http.headers  - << Expires: Mon, 29 Aug 2022 11:45:35 GMT
[main] DEBUG org.apache.http.headers  - << Cache-Control: max-age=31536000, immutable
[main] DEBUG org.apache.http.headers  - << Last-Modified: Mon, 05 Nov 2012 04:00:51 GMT
[main] DEBUG org.apache.http.headers  - << X-LI-Static-Content: 1
[main] DEBUG org.apache.http.headers  - << Content-Type: text/css
[main] DEBUG org.apache.http.headers  - << X-FS-UUID: 87f6a89566c49f163075529c382b0000
[main] DEBUG org.apache.http.headers  - << X-Li-Fabric: prod-ltx1
[main] DEBUG org.apache.http.headers  - << X-Li-Pop: prod-eda6
[main] DEBUG org.apache.http.headers  - << X-LI-Proto: http/1.1
[main] DEBUG org.apache.http.headers  - << X-LI-UUID: h/aolWbEnxYwdVKcOCsAAA==
[main] DEBUG org.apache.http.headers  - << Content-Encoding: gzip
[main] DEBUG org.apache.http.headers  - << Content-Length: 5688
[main] DEBUG org.apache.http.headers  - << Remote-Cache-Status: TCP_HIT
[main] DEBUG org.apache.http.headers  - << Date: Tue, 31 Aug 2021 17:28:39 GMT
[main] DEBUG org.apache.http.headers  - << Connection: keep-alive
[main] DEBUG org.apache.http.headers  - << Vary: Accept-Encoding
[main] DEBUG org.apache.http.headers  - << X-Cache: TCP_HIT
[main] DEBUG org.apache.http.headers  - << X-CDN-Proto: HTTP1
[main] DEBUG org.apache.http.headers  - << X-CDN-CLIENT-IP-VERSION: IPV4
[main] DEBUG org.apache.http.headers  - << Timing-Allow-Origin: *
[main] DEBUG org.apache.http.headers  - << Access-Control-Expose-Headers: X-CDN, X-CDN-CLIENT-IP-VERSION, X-CDN-Proto
[main] DEBUG org.apache.http.headers  - << Access-Control-Allow-Origin: *
[main] DEBUG org.apache.http.headers  - << X-CDN: AKAM
[main] DEBUG org.apache.http.impl.client.DefaultHttpClient  - Connection can be kept alive indefinitely
[main] DEBUG io.restassured.internal.RequestSpecificationImpl$RestAssuredHttpBuilder  - Parsing response as: text/css
[main] DEBUG org.apache.http.wire  -  << "[0x1f][0x8b][0x8][0x0][0x0][0x0][0x0][0x0][0x0][0x0][0xc5]=[0xe9]n[0xf3]8[0x92][0xaf][0xa2][0xe9]A[0x3]q[0xaf][0xe9][0xf1][0x95][0xe3][0x93]1@[0xff][0xdc][0x1f][0xfb][0x0][0xbb]h4[0xc][0xda][0xa2]mMdI[0x10]e'i#[0xef][0xbe][0xc5]S[0xbc]t[0xd8]N[0xbe]F[0x80]$[0x96][0xc8]b[0xb1]XU[0xac][0x8b][0xf4][0xa4]"'[0x8a]7[0x19]A[0x94][0xe0]j{@[0xbb]4[0xab]IEQ][0xa5][0xfb]=[0xa9]PR[0x15]eR[0xbc][0xe5][0xeb][0xf5][0xb6][0xc8]k[0x92][0xd7][0xd1][0x4]WuB[0xb6][0x5]:[0x14]gR[0xf1][0xbe][0xf2][0x15][0xb4][0xc9][\n]"
[main] DEBUG org.apache.http.wire  -  << "J[0xd0][0xa6][0xce][0xc7][0x13][0x9]O[0xc1][0xa7][0xc]@[0x96][0x91]m[0x9d][0x16]9:[0xe3][0xec]D`[0x90][0xa2][0xc8][0xea][0xb4]D(I[0xe9]1[0xa5][0x14]mNu][0xe4][0x17][0x18][0xfb]P[0xc7]/[0xe5][0xfb][0xaa].J[0xfe][0xb7],h[0xca]z[0xc6]xC[0x8b][0xec]T[0x93][0xcf][0xc9]1Gx[0x93][0xc2][0x0][0xf4][0x94][0xd5]t[0xec]|^[0xaf]s|F[0x1b]\![0x98][0xd2];I.[0x1b][0xbc]}[0xdd]W[0xc5])O[0xe2]3[0xae][0x1e][0x10] [0x9d][0x15][0x15]j[0x1e][0xf3]Y[0xe0]4'[0xd5][0xe8]s[0xc2] [0x95][0x98][0xd2][0xb7][0xa2]J[0xd6]kz([0xde][0xf4]G[0x85][0xa4][0x87][0xd2][0xaa]A{S@[0x93]c<][0x1d][0x8]6[0x9b]N[0xfd]L[0xf3][0xf2]T[0xff]Q[0x94][0xe4][0xdf]5y[0xaf][0xff]t[0x6][0xe1][0xaf][0xc7]F#[0xf5]*[0xd8][0xf0]R[0xe2]$I[0xf3]=[0x92][0x83]N[0xcb][0xf7][0xcf]$=;M[0xc5][0xf0][0x88][0xbc][0x97]8OH5[0xee]A[0xa1][0xa3]y[0x1b]2N[0x97][0x8b]1[0xe1][0xd5]1[0xcd][0x91][0xfc][0xbc][0x98][0x3]~[0xde][0x12]q[0x8a]ok[0x8a][0xb2][0x94][0xd6][0xe8]<[0xbf][0x0][0x1f][0x94][0x19][0xfe][0x88]w[0x19]y_[0xb1]_[0xe8][0xad][0xc2]e[0xcc]~[0xf9][0xbd][0xf][0x4][0xb3][0x11][0xf5]:T$[0xc3]uz&+I[0x9a]x[0x16][0x1c][0x94][0xd6][0xa4]Di[0x9e][0xa4][\[0x17][0x95][0x1e]2/r[0x8f][0xa9]<&[0xd2]c[0xf1][0x8f][0x9c];[0x97]KX[0xef][0xb7]4[0xa9][0xf]b[0xd2]1[0xd8][0xe4]=[0x9e][0x1][0x13][0x1]O[0x1d][0x8a]tK[0xd0][0xb1]Hp[0x86]vxKj[0xce]fU[0x91]![0xcc]E[0x1][0x96][0x13][0x1e][0x8c][0xbd][0xb6]L[0xb6][0xce])yCG\o[0xf]$[0x11][0x9d])[0x93][0x94]m[0x86][0xd3]#[0xa9]D[0xcf][0xc0][0xf4][0x19]V[0xe1][0x99][0xbf][0x82][0xac][0x81]p^8[0xeb]K18[0x17][0x1f][0x98][0x9][0xba][0x10][0x7][0x81][0x14][0xff]s&[0xa3][0x9e][0x15][0xbb]0$wY[0xf1][0x16][0x1f][0xd2]$![0xf9][0xca][0xc7][0x85]/,[0xad]?2[0xc2][0x9][0xbc]R[0xd4][0xde]Wi[0xb2]b[0xbf][0xd0][0x1e][0xd6]w[0xc6]E[0xe6][0x1d][0xd1][0xf4]/[0xb6]n[0x1b][0xe0],[0xc0][0x8][0x9e][0x88]&59B[0xa7][0x9a][0xe9][0x99][0xec]t[0xcc]i[0xfc][0xf8][0x2]B[0x16][0xf1][0xdf][0xe][0x8a]h[0x8b][0xab][0xe4]Rs[0xad][0x4][0xe3][0x14][0xa7]Z.[0x95][0xe2][0x9]X[0xad][0x88]I([0xa0][0x8d][0xeb]8#[0xbb][0xda]d[0xd3][0xa7]Gxe1![0xce][0xd2]}[0x8e]R@[0x81][0xc6][[0xd0]q[0xa4]ZmO[0x15][0x5][0xf2][0x95]E[0xca]>[0x86][0x10]X[0xaf][0x1][0xe3][0xfa][0xe3][0x82][0x90][0xd2][0x95][0xf0][0x12][0x96][0x1e]$[0xa9][0xd8][0x3]/[0x1f]>[0xd6]{R[0xff][0xf][0xe8][0x9a][0xff][0x96][0xe2]2[0x99][0xcd][0x1f][0x81]X9Q[0x98][0x88][0xc5][0x19][0xd6]}[0xb4]b[0xc2][0x8c]8[0xaa][0x12][0xc9]0VGPo@[0xc4]c[0x9]K[0x91][0xd7][0x9a][0xf5][0xd3][0xfc]@[0xaa][0xb4][0xe][0xcc]5[0xc]&[0xc7]GF[0xdd][\r][0xc9].|`[0xc6][0xf0]y[0x1d][0xa3][0x1f]?~[0x0][0xf9][0xe4][0x4][0xe6]S-[0x17][0xfc]_[0xb5][0x0][0xd3][0xd5][0x11]W{[0xc0][0x83][0xb1][0xe9][0xb4]o[0x0]D[0xb7][0x15]!9[0xbc][0xe6][0xb2][0xee]0\{[0xef][0xcb][0xe][0x18][0x15][0xbd][0xc9]U[0x9d][0xb6][0x8c][0xb3]%Yv[0xd1][0x88]E-[0xec]$[0xda][0x1][0x1f]U[0xc0][0xcb][0xdb]C[0x9a]%Z[0xf9]2[0xfe][0x9][0xa9][0x19][0xb3]_[0x86][0xbd]nBg[0x87][0xd4][0x93][0xda][0x12][0xd7][0xeb][0xea][0x94][0x91][0x8b][0xd2]+[0xbf]J[0xa2][0xc5][0xf8]T[0x17][0x9e]b[0x89]<[0xed]!7d[0x4]L[0xce][0xc8]fq[0xf4]N[0xb4]Nw[0x1f][0xaa][0x8d][0xe2]j[0xae]m[0x93][0xb4][0x12];t,D-[0xc4][0xfe][0x86][0xb8],[0xa7]l[0xdb][0x9][0xa0]#[0xd9][0x96]K[0x1][0x88]?[0xc8].0[0x1f][0xa1][0x14]4[0x8d]X[0x19][0x90]t[0x2]\[0xbf][0xac][0xc8]qej#[0xa1][0x85]8W[0xc1]23[0x0][0x7]LS:[0xea][0x18][0x84]\[0xaf][0x85][0xe6][0x2]]}1[0x11]|[0x9][0xe0]g[0xa2][0xa5]W[0x9f])[0x94][0xa9][0xd7]t[0xbd][0xde][0x15][0x5]L[0xda][0x84][0xf9][0xb4][0xe4][0xda][0x8a][0xab]([0xc6][0xc3][0xa0][0xbc]"0[0x0][0xd2]$[0xb2][0xec][\n]"
[main] DEBUG org.apache.http.wire  -  << "[0xd1]`[0x7][0x12]W[0xfb][0xd8][0x3]\B[0x12]f{H[0x8d]K[0xed]5[0xba][0xe]|p[0x95][0x4][0xbf]L[0xa3][0xf9][0xb2][0x91][0xc9][0x1f]O[0x1]r[0xf8][0xb8]x[0xfc]d4aKs[0x91][0x12],[0xd8][0x98][\r]p'PaQQ[0x5][0x97]K[0x15][0xe3][0xf4]U[0xa3][0xa1][0xb8]n[0xf4]42gZX[0xc8][0xaa][0xfe][0x12][0xc],[0x4][0x84]x[0xb6][0xef][0xcb][0x9c][0x9d][0x81]u[0xec][0x95]S"[0xae][\r]W[0xf9]YZ[0x84][0xb3][0xa7][0x86]y[0xd4][0xa3][0x1b][0xf8][0xa7][0xcd]<[0xb8][0x98][0xc3][0xcf]B[0xab][0xdd][0xd6][0xb3]Eh[0x99][0x8d][0xc5]H[0xef]I[0xed][0xbd][0x80][0x95]6[0xb0][0xcd][0xaf][0xa1]V[0x10][0xb7]>L3/ [0xbb][0x9d][0x9d][0x1b][0xac][0xd8]'0[0xa5][0x80][0x9d].[0xa6][0x8d][0xf0][0x5][0xf0][0xe2][0x18][0xef][0x98][0xee][0xb0][0x97][0xfb][0x94][0xc3]V>[0x1c]xc[0xef]]n[0xd2][0x93][0x1][0x86]][0xaf][0xb9][0x10][0x7][0xf6][0xb0][[0x8c]P[0xe0][0x8e][0xd7][0x8b]#[0xa7][0x9b][0xac][0xd8][0xbe][0xae]La[\n]"
[main] DEBUG org.apache.http.wire  -  << "[0xe9][0x8]i[0xf][0xff][0xbd][0x82]$p[0x0][0xf3][0x82]2[Z2[0xc0][0xbc][0x85][0x3]B[0x6][0xbc]/s[0xf7]n[0xe][0xe1]an[0xe1][0xd8][0xc1][0x80][0xae]b[0xd5][0x10]T[0x9b][0x9b]ZQ[0xe9][0xe6][0xc1][0xa0][0xbe][0xf2]:[0x1a][0x12][0xe1][0xf2][0xc8][0xbd][0x12]br[0xf9][0xc5][0xf0][0xe9]:[0xed]'ZBs[0xb4]![0xf5][0x1b][0x18][0xaa]}[0x6][0xd3]K[0xc3][0x1e][0x15]N[0xd2][0x13]e[0x9e][0xda][0xaa][0xae]p.=[0xa7]&[0x1e][0x11]M[0x16]4[0xda][0x9e]6[0xe9][0x16][0x80][0xff][0x95][0x92][0xea]a[0xb2][0x1c]O[0xc7][0x93][0xf9]x6x[0x12]1[0x8f][0xd1]\[0xac] [0x87]K"[0xe3]%S[0xc2][0xa8][0x6][0xa6][0x14][0xb1][0x9d][0xc1][0xc3][0xc8][0xd5]4(f8$[0xc2][0xc7]R[0xe6][0xc8]5[0x8a]Fz[0xb8][0xa6][0x1e][0x9][0xda]sm[0xbd][0xe1][0xff]s[0x5][0xde][0xac][0x9]E[0xc7]h8[0x98][\r][0xce]s[0xc3]>6[0xf5][0x16][0xe0][0xaa][0x8d]m[0xd1][0xac][0x9][0x10]qsP[0xce][0x16][0x96][0xcf]X[0xe0][0x99][0x5][0xb8][0xe9]1I)[0x12][0xf1][\n]"
[main] DEBUG org.apache.http.wire  -  << "[0xf4][0x17][0x10][0xb9][0xd9][0xbb][0x9e][0x98][0xe4]Z[0x10][0x9e]mgX[0x99][0xf2][0xf0][0xe8]s[0xc2][0xb1][0x7][0xce]I[0x85][0xcd][0xef][0xe1][0xc5][0xfb][0x1d]p[0x2][0x1e][0xd2]4b?L[0xff]T[0xfb][\r]~[0x98][0x8e][0xd9][0xcf]d[0xf6]8[0x1a][0x83]M[0x8]O[0x17][0xce][0x9b][0xf9][0xc8]bC[\r](zY[0x1c][0xe9][0xaa][0x85][0x83][0xde][0xe][0xc0][0xe9][0xe3][0xee]v[0xbb][0x91]v[0xf0][0x98][0x6]T$[0xfc][0x9c][0xe4][0xe4][0x8d][0xb2]e[0x2]ofl~`q[0x98][0xa2][0xfa][0xe0][0xb6]E3.*[0xab][0xa2]$U[0xfd][0x11][0x1f][0xf1][0xbb][0xa4][0xc8][0xb8][0x0][0x1]K[0xeb][0x8f][0xcf][0xdf][0x8f]$Iq$<[0xc2][0x8][0x83][0x84]<[0xa0]#[0x90][0x15][0x1a][0x9]m[0x4][0x8e]V,#[0x17][0x97][0x1][0xa4]bRh(h[0xd1]S<[0xfe][0xfc][0x9c][0xd4][0x7][0x2]N(([0x9e]j[0xb]d[0x88][0x86][0xc2][0xe3]Q[0xe][[0xc2][0x95][0xb0]U[0xb9]~[0x86][0xd8]TN[0xc7][0xd1][0xca]X0[0xd1][0x8c]d[0xe4][0x8c]9)[0x18]i[0x92][0x91]EA[0x84][0x84][0xdf]{i[0xa8][0x3][0xfe][0xb4][0xa4][0xf][0xfc]wNi[0xba]I3[0xf6]AFd[0xc][0xd2]&[0xa7][0x8a][0x3][0x8e]'[0x8f][0xd4][0x81][0xca][0xfb][0x81][0xbb]i[0x80][0x5])f^[0xbb][0x82]=[0x1b][0x4][0x9][0x94]3[0x81][0xe5]IK[0xde]L[0x86][0x90][0xc3][0xc6]A[0xa3]+[0x1c][0x8][0xca][0xe2][0x4][0x93]<[0xcb]@[\r][0xdb][0xb4]|4[0xb4]q[0x0][0xde]S[0xe3][0xeb][0x98]l[0xc8][0xb5][0xe][0xe7][0xfa]Y[0xe3][0xbc][0xc5][0x8b][0xe0][0xde][0xcc][0x94][0xc5][0xc8][0xc1][0x89][0xc7]q[0x96]![0xcd][0xb3][0xd4]a[0xe6][0xba][0xd8][0xef]Y[0x10]][0xbf][0xb7][0xb4][0x96]p[0x91][0xac][0xe]y[0xc1]7[0x11][0xae][0x9a]|[0x9d][0xcc][0x91]X[0x81]Z[0xab][0xd3]-(8[0xa1]H[0xc5][0xae][0xec][0xa2][0xa6]F[0xbc][[0xd5]w[0x81][0x8d][0xc2]k[0xd4]b[0x92][0xca]x[0x14][0xb3]1$[0xa3][0x8][0xeb][0xbe]e[0x4]!x[0xd7]a[0xae][0x3][0x94]a[0x98][0x8][0x15]Yr[0xc1]yz[0x14][0xe3][0xef]@[0xf3][0xa2][0xe2]TG[0xf3][0xd9][0xd3][0x91][0x82]O[0xcc][0x94]Z{gx[0xee]vNs[0xd1]w[0xc][0xbc]P[0x81]'[0x4]lC[0xd0][0xa9][0x8c][0x16][0xb]x[0xb8][0xd2][0x8d]Y[0xfe]$c I[0xbc]+[0xaa]7\%[0x1d][0xc3][0x0][0x91]*[0xdc]&[0xcb]nl[0xd5][0x93][0xed]v[0xb8]aq[0xb6][0xa4][0xd9][0x80]&[[0xbb][0xe0]N[0x1b][0xdf]B[0x13]Q|[0x9b][0xf1][0xd3][0x1a]Fb[0x86][0x11][0x8b]x[0xfb][0xaf][0x10][0x8f]A1[0xeb][0xbe]![0xa8] [0x1e][0xcb]*[0x9][0xf2]E[0x8f]O[0xcf]@Y[0xbd]H[0xb3][0xc5]\?[0xb4][0x9][0x1d][0xcd][0x9e][0xd9][0xca][0x8d][0xad]%[0x89]f?[0x16][0x8b][0xeb][0x16][0xa1]"[0xbb][0x8a][0xd0][0x3]C[0xab][0xa1]8[0xd7]p[0xd0][0xe1][0x18][0xf3][0xff]X[0xc4][0xf9][0xff][0x1e][0x10][0x9b][0xf3]h[0xe5]"[0xaf][0x11]2P[0xd7][0xf8]L[0x9e][0xbd][0xc9][0xcc][0x1e]_[0xae]DQj[0x94]N[0x5]a[0xda][0xbf][0xbe][0x8a]1 DY* 9*[0xe5][0x8][0x9c][0xe4]-=[0x97]x[0x16][0xc0][0x4]A([0x10][0x6]C[0x94][0x82]2[0x93][0x8a][0x82]=[0xf7]t[0x9f][0xc8][0xe2]IK[0xa5][0xe5]-[0xf3][0x13]=H[0xd2]d\[0xcc][0xa7][0x1e][0xf6][0xbd]XH[0x9f]e|u[0xb7][\r][0x1][0x92][0x83][0xd5][0xc1][0xdc]3\[0x13]_.[0x1b]5I[0x2][0xb] [0xdc][0x9e][0xb1]x[0xb4][0xc9]N[0x4]=O[0xc7][0xff][0x9c]N[0x9f][0x17][0x9b][0xd9]h[0xc0][0xfe]![0xd5]uPQ[0xfe][0xfe]J>v[0x15][0x6][0x9f]'[0x92][0x8c]u[0xd9]U[0xc5][0xb1]a[0xd5][0xcf][0xba][0xd0][0x1f]f[0x9f]^{`;[0xbb][0xc3][0xcc][0xec]0[0xb5]:4[0xb2]([0xba][0x4][0x85]`:b[0x0][0x82][0xaf][0xb8]x[0x4] [0x9e][0xca][0xe]x[0xa2]S[0x1b][0xc8][0xa9][0x3][0xcf]R[0xb8][0x1d]Pg[0xbd]P'%![0xaf],6_[0x9c]([0xc9][0xfc]l[0x82][0xf5][0x1a][0x96][0x8d][0x8d]I[\r][0xf3]4[0xd6][0x90]#0}"[0x82])i[0xe9][0x14][0xc7][0xe8][0x8d]l^[0xd3][0x9a]%0[0x8a],cqi;[0xd4][0xe5]t[0xe3],[0xcb][0xdc]F0[0xaa][0xd3][0xfa][0x0]K(XV[0xc4][0xcb][0xd4][0xe6][0xde]X[0x8b]}@(a[0xde]QEDB[0xcc]N<[0xf0][0x90][0xb0][0x9f]j[0xf5][0x82][0xff][0xe1]LA[0xc7][0xa8])[0xb7][0x89]Y[0xb6][0xb6]l[0xbc]s[0xed][0xf4]Y[0xdd]T[0xfc][0x80][0xca][0x8]R[0x9b][0x8a]3[0xe3][0x8e][0x8f],[`&[0xc9][0xe6]"[0x81]`,[0x90]n[0xae][0x17][0xa8]7[0x86][0x1c][0x9c][0x95][0x83]^[0x87]"[0x90][0xf6]bWo[0x84][0xc0]ty[0xb3]B[0xa8][0xcf]<[0x84][0xda][0xd6]IF[0xa3][0xdb]hb[0xcc][0x97]?ncF[0xf][0xa2][0xcc]a[0x15];[0x96]J$[0xb6]K[0xbc][0xec]Z"[0xd1][0xfd][0xf] %[0xcb][0xac]&[0xb6][0xa0][0x86]T[0x3] [0x88][0xac][0xff][0xd8]`[0x9a]n[0xf9]p[0x98]Y[0x8d][0xd1][0xc4]y[0x0][\n]"
[main] DEBUG org.apache.http.wire  -  << "W[0xb8][0x9]$Q|[0x16][0xa8][0xac][0xd0]Iu3[0xd3].BM+[0xc3][0xca]Y[0x8]+G[0x8a]5[0xfa][0x10]I[0x84][0xa1][0x86]eS[0xff][0xb1][0xfa]rg[0xe][0xfc]Fz'Yb[0x91]S6P[0xbb][0x2][0x1a],'[0xc8]6[[0x9b][0xc1]v[0xb6]A[0xe];[0xe3][0xdd][0x9e] [0xa7]uE[0xea][0xed][0xc1][0xcb][0xf5][0xc2]?[0xd7][0xc6]D[0x9d][0xba]$f[0xb2][0x89][0xc4][0xaa][0xc2][0xca][0xcc][0xc7]F[0x13][0xa0][0xf][0xec]m2[0x8b][0xea]|d![0xc3]s[0xca][0xea]Yn[0xa1][0x97][0x95][0xf7]5fq[0xf3][0x2]D[0xaa][0x93]~[0x8b][0xce]s0\R3[0x80]v[0x13][0xe4][0xae]wH[0xba]L[0x8d]V^[0x19][0x11][0x90][0xfe]R[0x10][0xb1]b7[0xa1]%6[0xaf][0xdb][0x88]/[0xbd][0xcf]V[0x8a][0xdd][0xee][0xee][0x86][0xb1][0xe1][0xe1]eV[0x8a][0x16]PBl[0xd5]YTA[0xe8][0xcb]i/[0x8][0x1d]g[0x97][0xca][0xb7][0xc5]A[0xe7][0xda][0xbc][0xc4][0x15][0xf0]l/[0xc8][0xc8][0x81]iGH][0xc4][0x8c][0xda];[0xca][0xac][0xa7][0x12][0xe7]`[0xf5][0xb4][0xd5][0xad]M[0x9b][0xaa]5^[0x9a][0xb1][0xb2][0xdd][0xc7][0xf3][0xc1]sI[0x3]v[0xd6][0xff]>0[0xee][0xb5][0xb6]([0xc3]fr[0x3][0xda]<[0xf0][0xb8][0xe0][0xf1][0xec].[0x94][0xed]T[0xbf][0x13][0x11][0x9a][0xfe]#=[0x96]`!b[0x83]|A(^[0xc5][0x80][0xda]n[0xf4]~[0xf1][0xae][\r][0xc1]Nl[0xba]^"T[0x94]$7,PKM[0xb4][0xe0][0xd5][0xc6][0xdd] [0xb3][0xb0][0xb1]z[0x9d][0x8c][0xd4][0x1d]zC$[0xe5][0xbd][0x8a][0x97]o[0x1e]TE[0x8][0xcc]q[0x97]}[0xe3][0xf2]X=[0xec][0x1d][0xd2][0xfb][0xb2]j%[0x9b][0xb4][0xbf]bH[0xc9]}[0xe1]][0xdc][0x90][0x9b][0x86][0x5]8[0xd3][\n]"
[main] DEBUG org.apache.http.wire  -  << "5[0xfa]8[0xe7]V[0xa7][0x8f][0x8d](q[0x15]5[0xa8]|[0xe3][0xe2][0xe1][0xb].sv[0x80][0xb1][0xab][0xdc]@[0x6][0xa3][0x8b]<[0xfb][0xb0]"[0xd2][0xcd][0xf8][0xdc][0xa9][0x1d]]n[0xe3][0xc9]@b[0xec]*8M5Lc[0x85][0xb3][0x1f]n[0xfa][0xeb][0xb0][0xe8][0xcb][\r][0x4][0xe2][0xbb][0xd3][0xa0]^q^[0x1f][0xc4][0xbe][0xf9]P$[0xc9][0xc8][0xad]X[0x1d]8[0xb6][0x1][0x85][0x9c]I>[0xb2]I[0xc3][0xa0][0xdc][0xb3][0x14]W"[0x1d][0xe4][0xee]+Q[0x6][0xff][0xdb][0xb5]nt[0xd5]5N[0xce]8[0xdf][0xb2][0xc][0x96]x[0xa0]M[0x17][0xa9][0xe2]E[0xbe][0x8][0xf1][0xfc][0xb4]L[0x1d]Im[0x18][0xd8][0xfd]:[\r][0xaa][0x8e]![0x1]Y[0xf9]!T[0x16][0x83][0x1a][0xe]Ryb[0xd4][0xc6][0x9f][0xc0][0x90]y[0x82][0xab][0xf]=[0x98][0xa8][0xfb][0x8e][0x86][0x9b][0x2][0xbe]s[0x10][0xb0][0x91][0x8c]!u|K[0xd8][0x10]:[0x7][0xd1][0xa5]=Z[0xd2][0xc6][0xb6][0xef][0xf9][0xc4][0x1c]MG[0xc5][0xae][0x8c][0xe2]17[0xab];[\r][0x93][0xa4][0x5][0xbf]+[0x83][0xf7][[0x9c][0x9f]1[0x1d][\r][0xcc]w[0xb7][0xad][0xbc][0xac][0xba]2[0xea][0x1]x[0xb5] [0x2]_[0xb][0x90][0xa1][0xa1][0xe8]~[0xd0]=07[0xe0][0xe1][0xc7][0x9][0xd8][0xee][0xd8][0xd8]",[0xca][0x91]n[0xaf][0xe9][0xdf]d[0xde]L[\r][0xc7]"[\r][0xa6][0xe1][0x2][0xa4][0xde]>p[0xeb]%B[0xd1]#[0x17][0x9e][0xe8]q[0xce][0xff],[0x17],[0xb0][0xab]m[0x1a][0x9e][0xec][\r][0xa4][0x18][0x9b]T[0xef][0xf3][0xd3][0xb][0xd7]"[0xb7][0xe0][0xd8]@[0x11][0xb1][0xce]kg[0xda]w[0xf0][0x82][0x1e][0xac]RV[0x1f]|Y[0x11][0x94]`z[0x13][0xb6]+3[m[0xf8][0xe2]F!/[0x8f][0x1e]\[0xb1][0xf8][0xac][0xfa][0x9a]iD=&B9[0xae]X[0x94][0xa4][0x19]{[0xbe][0x9c]v@mTc[0xbb][0x6]l[0xb8][0x95]kA[0xe5][0xcb][0xc]pF[z[0xde][0xb7][0xed][0xb][0x91][0x17][0xc7]7[0xc][0xda][0xbd]p~[0xe8]n[0x1f]o[0xf]d[0xfb]J[0x92]xWlO[0xf4][0xbf]xm[0xb4][0x8e]dKGn[0xde]7[0x95][0xb0][0xc8][0x6][0x94][0x14][0xdf][0xc9]D[0x81][0xb7][0xe3][0xfa][0x8b][0x3]0[0x15][0xc1][0xaf]1[0xff][0xcd][0xa2][0xda][0xfe]C[0xf6]`u[0xf8]([0xf]$[0xa7][0xc2]z+N5[0xcf][0xf5][0x19]jW[0xe2]:k[0xb6][0x13][0x1d][0x88]29K[0xe4]N;[0x91][0xb4]\t[0xbb][0xba][0xbc][0xbb][0x9f]&[0xe0][0xd5]![0x11][0xc5][0x8][0xed][0x15][0x8][0xe3][0x7][0x0][0xbd]%[0x12]"m[\n]"
[main] DEBUG org.apache.http.wire  -  << "[0x13]zP[0x12][0x85]X[0x8a]^\+[0x85][0xa6][0xe1][0x1f][0xa6]j[0xc4][0xd7][0xd2]in[0xe1]\[0xb]9}x[0xdc][0xf0][0xf3][0xac]_[0x92]'[0xb6]}l[0xe5][0xb9][0x87][0xc2]6[0xc4][0xfe][0x11]t[0xb3][0x99][0xa9]d[0x9f][0x87][0x1][0x91][0x99][0x9a][0x80]C[0xdb]H[0xe3][0xfc]qj[0xa9],[0x87][0x18][0x8b][0x96]m[0xba]u0P]2#[0xe3][0xe7][0x87]Y[0x4]6[0x82][0x1]Yf[0xf9][0xaa][0xd3]o[0xca][0xb4][0xb9]!2g[0xd5][0xc0].x[0x85][0x83][0xfa]5 [0x1c][0xe9][0x18]-[0xdc]![0x88][0x1a]c[0xa6];R[0xe7]X[0x19]7[0x9d][0xf7][0xeb][0xca]n~Nr|N[0xf7][0x1c]aV[0x7](,[0xd2]f[0xf][0xe1]G[0x8b]8[0x93][0xba][0xc5]f[0x86]>z%[0xa4][0xe4]:[0xca];u[0xe0][0xda]r[0xa6]][0xd9][0xb6][0x91]i[0xcb][0x9]W<[0xed][0xc1][0xc3][0xe4]*[0xb7][0xfa]GJU[0xae][0xfb][0xcf]?[0xd8]H[0xff][0xa6]G[0x18][0xf9][0xcf][0xd0]QH[0x3][0x10][0xcb][\r][0x9c]J[0xe8][0xd4][0x7]GY[0xbe]-[0xc6][0xb6][0xa4]O[0xc9][0xf2][0xca][0xd2]l7[0xce][0xde][0xad]x[0xa5][0x16][0xe2][0xb5][0x8a]q^[0x88][0x3]u>[0x10][0xa3]7,[0xc5][0x9]x2P[0xcf]x5[0x9b][0xf2][0xc0][0x9b][0xcb]l[0xdc][0xb0][0x18]b[0xc0][0x6][0x13]8[0xc6]r[0x1a][0xe7][0x1b]8[0xcc][0x96][0xf3]-[0xda][0xe9]e?KY[0xb5][0xd7][0x9c]O[0xea][0xa5][0x6][0xec]Y5[0xf2][0xea][0x11][[0xb4]ih}[0xcd][0x13][0xa8][0xd3]h[0xea][0xf8]P[0xd3][0xc0][0xe1][0xb9][0x9e][0x83]hC[0x7][0x8e][0x2][0xed][0x1a][0xd1]r[0x5][0xcb][0xb3][0xc9][0xef]w[0xaf][0x1d]:x[0xe][0xfc][0x95][0x2]g[0xd7][0x89][0xbb]AI[0xb9][0xce]H[0x96]D_'[0xca]-[0x19]`[0x87]$ftS[0xc][0xd7]d[0x1b][0x9b][0xca][0xc7]+G[0xbe]k[0x8d][0xee][0x9a][0xa6]YE[0xde][0xc7]S[0xf4][0x4][0x96]<[0xad][0x9b]p[0x81]N[0x12][0x8a][0x18][0x11]=T,]j[0x1d]|6[0xb6]_[0xbb][0xc2][0xdf]e[0xf8][0xdb][0x7][0x8f][0xfa]R[0xa9][0xe1][0xd3][0xa5][0xba][0xde][0x9f]GR[0x14]3[0x97][0x1][0xd4][0xa4][0xf8][0x1][0xec][0x9d][0xaf][0x6][0xb9]8[[0x7][0x9d]o[0x9d][0x87][0xb6]H[0x95][0xf2][0xfa]%[0xfa]eeW'[0x9b][0x84][0x95]E[0x8f][0xd3][0xd0][0x1][0xf9]U[0xab][0x5]<[0xc][0x15][0xc4][0xe5][0xb3][0x8f][0xb0]][0x19]et[0x1f]-[0x4][0x2][0x1][0x1b]=f[0xdb][0x0]W([0xb0][0x93][0x0][0x91][0x1e][0xe6][0xcf][0xd3][0x84][0xec][0xc7][0x86]o1[0xee][0xb5][0x9c][0xa2][0xe7][0xa7]_G+uZ[0xe1]v[0x1c][0xf9]T{[0xd9][0xcf][\n]"
[main] DEBUG org.apache.http.wire  -  << "[0xa0][0xdd]K[0x16]A[0xdd][0x1]t[0xf9]q+Yz[0x83][0x9d][0x12]I[0xee][0xa0]j[0x1c][0xa5][0xc5]0hO[0xb7]7_s;[0x9f][0xab][0x8f]MJ[0xc1][0xda][0xde][0xbb][0xad][0xf][0x98][0xab]g[0xd6][0xf2]n}[0x87][0xba][0xfb][0xac][0x6][0xae][0x1b][0x99]E[0x8b]Kj[0xac][\n]"
[main] DEBUG org.apache.http.wire  -  << "[0xd7][0xab][0x8e]v[0xd6][0xf6][0xbc][0x1b]F[0xd1][[0x95].[0xb9]t[0xe8][0xab]AI[0xa3]C[0x86][0x1d]|[0xad][0xf0]K@[0xde]%[0x91]^[0xf4][0xb1][0xeb][0xa1][0x86]<[0xab][0xdb][0xc0][0xd5][0xeb][0xe8][0x6][0xd2]6u[0x18]<4$[0xf2][0x86][0x8d][0xba]o;[0xc6]p[0xcd]^'"[0xea]W[0xc6]G[0x1d][0xcb][0xd3]=[0xb1][0xdf][0x1e][0xc3]W[0xe1]Y'[0xb6]$[0xa6]8[0xd8][0x1b]Rl#/[0x1b][0x88][0xb8]-[0xa2][0xb9][0x98][0x19][0x9f][0xce][0xbd][0x8][0x1d]([0xe5][0xe4]M[0xa6][0x16]tX\[0x97][0xdb]^[0xd3]iPp[0xdd][0xf1][0x7][0x83]Fq[0x5]~[0xaf][0xe][0xe9]_[0xdc][0xb][0x1e][0xfc]c6} [0x90][0xce][0xbf][\n]"
[main] DEBUG org.apache.http.wire  -  << "[0xfd][0xd1][0xed][0xb5][0xc][0xf][0xca]/[0x95][0x1f]<@![0x81][0xdd][0x92][0xee]:[0xb2]$[0xac]^_[0x1d][0xd1][0xf][0xb9]D[0x3][0x8a][0xe9][0x9c][0xc8][0xc3]3[0xdf][0x4][0x9c]:[0x15]]A[0x1b]~[0xce][0xd4]AQ[0xc9][0xd5]7T([0xac][0xd3][0x1][0x96][0xfa][0x8d]l[0xd6]k[0x9d][0x7]L[0xf7][0xa2][0xa4][0x14][0xd1]mQ[0x12][0xd8]5[0x8]c[0xee]q\[0x15]E[0xdd]q1[0x5]2[0xc8][0x9][0xb8]f[0x9][0xa7][0xe9][0xc0][0xf6][0x99]T[0xd3][0x83];[0xe4]E[0x5][0xbe]-[0xd7][0xf1]}=v[0xf8][0x98]f[0x1f]H[0xde]U[0xa1][0xef][0xac][0xe8][0xeb][0xc6]Y[0x13][0x16][0xb][0x16]m[0x1b][0x8b]?[0x3][0xfb]H[0xdc][0xc4][0x1f]o[0xa9][0xc8]qC[0xc0][0xdf]HP[0xb1][0xf9][0xf],tW9o[0xdb]j6[0x87][0xc3][0xfa][0x1a]\t[0x19][0x95]sn,[0xc8]j[0xad][0x3][0xaa][0xfd]:[0x10]1[0xeb][0xd4][0xac][0x14][0xf8][0x1d]t[0xa2][0xe8]e[0xc4][0xcf][0xad][0x92]8\[0xd7][0x98][0x1f][0xbe][0xab][0xc4][0x95]$[0xa6][0x9d]*+[0xf5][0xc4][0xf6] xv[0xd9][0xce][0xfe][0x8d]][0xc1]Ka[0x8d][\n]"
[main] DEBUG org.apache.http.wire  -  << "ZO=[0xb5][0x1]8[0x1d][0x99][0x82][0x11][0xcb][0xa1]w[0xdd]_~[0xe9][0xeb][0x80][0xd0][0x8c][0x1f][0xbb]r[0xe][0x4]Z%[0xa7][0xa0]r[0x9c]r[0x3][0xe3][0x8d]_"ca@[0xb2],-A[0xdd][0xc][0xc5]#[0xfa][0xed]b[0x8e]-y[0xde][0x8][0xde][0xff]NO%[0xfb][0x9f]F[0xf][0xaa][0xde][0x98]w[0xd8]f[0xf8]X[0xc6]s[0xf0][0xc9][0x7]N[0xf8]_[0xbf][0xfd][0x83][0x1f]w,+[0xc2][0xee][0xcb][0xa9][0xe2][0xa8][0xd8][0xed][0xa2][0xdf][0xfe][0xa5][0x8][0xa1][0xa0]3[0xaf][0xc9][0xf8][0x1f][0x15][0x15][0xb3]4c[0xb5]o[0xae][0x2]X[0xcc]>[0xfb][0xa7];G[0xe2][0xd0][0xd4]-t_~%[0xdd]%"?[0x81][0xf0]j[0xca][0xdf]H[0xf9][0xf9][0x0][0xca]/[0xee][0xa0][0xfc][0xd3]WR~[0xf1][0xd3]([0xbf][0xf8]~[0xca]/[0x6]P~y[0x7][0xe5]_[0xbe][0x92][0xf2][0xcb][0x9f]F[0xf9][0xe5][0xf7]S~9[0x80][0xf2][0x8f]wP~6[0xfd]J[0xd2]?[0xfe]4[0xd2]?~?[0xe9][0x1f]}[0xd2];VR[0x9b][0x3]g[0x17][0x1e][0xb7]:rh~ke[0xbe][0x91][0x14][0x16][0x15]"[0xcd]y[0xfb][0x17][0xeb]r2^Ue[0x99][0xf3][0xce][0x9c]t[0xb6][0xe][0xcc]<@-[0xd3][0xc6][0xca]x`[0xbb][0xc8][0xf3]1[0xf8][0xe9]0~V[0x87][0x1d][0x16][0xe9]y[0xdd]3[0x8c][0xaa][0xb5][0x1e][0xd0][0xe8]NDz[0x9c]q[0xeb]~[0xaa][0xe0][0xfd][0x16]H[0x9e]][0x99][0xcb][0xd0]9[0x98][0xf6][0xec][0xe4]Z[0x1f][0xf]I[0xa3][0x10]<[0xc8]=[0xf1]n[0x1d]i[0x91][0x82][0xd4]9[0xab]o[0x17][0xf5][0x89][[0xb1]zF[0xd5]1[0x1d]c[0xfb][[0x96][0xd2][0xd9]c[0xc7]{[0xc0]#[0xf3]c[0xc4][0xd2]n[0xe7][0x97][0x8b][0x99][0xe7]RT[0x9d]q[0xcf][0xa0]|[0x92][0xfa]<[0x95]iQ[0x7]b[0xe7][0xd7][0xc0][0x8a]&[0xe9][0xf9][0x88][0xf8][0x9d][0x19]`[0xb7][0xb3][0xab]$[0x8f][0xfb][0xe0]8[0xa1][0xac][0xd3]W[\r][0xe4][0xbf][0xcb][0xb2][0x13][0xad][0x85][0xeb]d_[0xc5]5d[0x85][0x4]G[0xc][0xd6][0x9][0x3][0xe7][0xc1]\[0xc5]t[0x9b][0x85][0x1];>O/HqX[0xfa][0x9b][0x8d]\7z:[0xc][0xab][0xaf][0xdf][0x82][0xc2][0x93][0xff][0xb9][0xe6][0xae][0x8b][0x3]=mz[0x17]A[0x84][0x95]Zv[0xff][0xc9]=6o+6[0xdf]O[0xfc]f[0xe2]?[0xd7][0xd3][0xf3][0xf1][0x10][0x9e][0xf9]m[0xe4]_L[0xee]q[0xb2][p[0xf9][0x19][0xc4][0x17][0x93][0xfe][0x99][0xbc][0xcf][0x8f][0xbf]+Rt[0xbc]rb$i[0xe][0xdb][\n]"
[main] DEBUG org.apache.http.wire  -  << "[0xb]w[0xe9][0xa8][0xad][0xbc][0xf8][0xb7].j[0x9c][0xd9][0xfb]-[0xaf][0xcc]SupM5[0xc0][0xf2][0xc5][0xa9][0x6]h[0x87][0xc0][0xcf][0x5][0xf]8[0xeb][0xe7][0xe7][0xbb];[0xed][0x9b][0xe1][0x9b]@[0xef]>[0xea][0x99]qWE[0xa4]n5[0x16]e4[0xd1]M[[0x84]O5^n[0xaf]fm[0xb5][0x97][0xf8]V[0xaa][0x8e][0x1c][0xcc]e[0x16]CT[0x96][0x85][0xb6]b[0xbb][0xfd][0x93]Y[0x85][0x16][0xee]`[\r]$-[0xba][0xc6][0xc2]2/[0xed][0x99]F[0xfe][0x6][0xc6][0xa7][0xc2]v]vJ0[0xdf][0x9f]2[0xc][0xb3]?[0x9c][0x8e][0x9b][0xfc][0xaa][0xc5][0x7]&[0x7]i[0x92][0x17][0x91][0x84][0xec][0x14]$,[0x1e][0x92]\[0xa4] [0xef][0xd2]:n[0xfa][0x84][0xc9] gs[0xca][0xd9][0x95][0xc5][0xc6]=[0xe3][0xa6]=[0xe3]O[0xc9]k[0x1e][0xce][0xe6]u[0x99][0xdc][0xe2][0xc8][0x8f][0x1b][0x9c]}l[0xee][0xe][0xe6][0xe5]}[0xa1]{dzpA([0xa5]r>[0x97][0xd0][0xbd]1.[0x15]XI^[0xa3][0xe][0x9e][0xcc][0xbb]=*[0xd1][0xc3][0x1c]d[0xf0][0xa1]N[0xf2][0xe6][0xf3][0xb0][0xb8]u[0xa6][0xe5]v"E[0xa3][0xe][0x13][0x8c]W[0x7][0xb6][0x18]a[0x93]{[0xe2].[\r]b_[0xbf][0xe3][0x18][0x93][0xfe][0xde]M[0xc6][0xc0][0xac][0xa9][0xba]D[0xec][0x8a][0xeb]Xf[0xd0][0xdb][0x90][0xe3][0xcd]5[0x99]@[0xa6][0x8c][0xaa]M[0xd9][0xd5]7[0x1f][0x9a][0xae]J [0xac]k[0x81][0xf9][0xf2]ut[0x8a][0xb0][0x97]J3_[0x6][0x9d][0xe5]P[0x13]u[0xfd]Cw[0xd3][0xbe][0xcb]b[0xda]xUPf[0x93][0x1]cw"[0xac][0xdb]t[0x8c][0xc4][0xf].y[0xe3]lpb\[0xb5]k[0xd4]Q[0x86][[0xea]Ur[0xae],[0xe9]l[0xdb][0xfd][0xb6][0xb9][0x94][0xea][0xef][0x10][0xbd][0x9b]0[0xfd]z)[0xbd][0x8d]`?[0xd7]c[0x12]X[0xf0];[0xa3]:[0xdd]se[0xad][0x1b][0xdf]~[0x11]J[0xe9][0xd1][0x94][0x9d]#[0x86][0xbd][0x84][0xb2][0xe6][0x97][0xbe]*[0x1c][0xc1][0xd0][0x92][0xd4]=[0xc0]"<[0xac][0xd4][0xa8][0xcf][0x1d]v[0xa1][0x8a]#6[0x9e][0x1c]z[0xcd][0xc2][0xca]#[0xdc][0xec][0x6][0xdd]`[0x3][0x12]1[0x13]n8[0x9b][0xf7]-[0x5][0x1d][0xa5][0xb5]gk[0x87][0xeb] p[0xaa]7[0xd6][0xfa][0x80]j[0x88][0xf0][0xa9][0xea][0xeb]G[\r])5[0xe7][0x8b]c[0xee][0xa6][0x8f][0xd0][0xbd][0xbc][0x8][0xdf][0xba][0xc3]g[0xce][0xef][0xf0][0x19][0xd2]W[0x18][0x9c][0x81];[0xd4][0x9d][0xce][0xaa]0[0x86][0x1d][0xad]gj[0xdf][0xe7].}[0xa2]V5[0xb9][0x4]Jdn[0xd4][0x92][0xca][0x1f][0x6][0x19]/[0xf2][0xfd][0xe0][0xcd][0xe5][0x8a]$[0xee][0xf7][0xf9][0xf6][0xdf][0x9f][0xc0][0xfd][0x9b][0x13][0xb7]W$l[0xbb][0xa8]|[0xdf]>[0xfa][0xfd][0xc9][0xda][0xbf]9I[0xab][0xae]t[0xb7]/5b[0x9a][0xc9][0xff][0xe2]"[0x86][0x15][0xe2][0xf4][0x92]:[0x8d]?[0x15][0xff][0xf3]o5z1[0xe][0xa3][0x8]P[0xec][0xf0][0x9c][0xf3][0x1d]0O[0xa5]}[0xd5]}[0xd0]][0x96]h![0xf1][0x15][\n]"
[main] DEBUG org.apache.http.wire  -  << "v[0xc]%XH[0xa6]:hk[0xe2]H[0xf2]Ss|[0xe0][0xb6]bXo[0x14][\r]][\r][0xc7]F1[0xf][0xf0][0xce]C&[0x81][0x8d][0xd3][0x91][0xee][0x8d][0xaf][0xa4]RU][0x8d][0xa6][0xb4][0x9e][0xbc]Y|[0xb6][\n]"
[main] DEBUG org.apache.http.wire  -  << "[0xf0][0x9e]][0x89][0xe7][0x1c][0xc][0x1b]6[0x1]q[0xa6][0xcc]=[0xf7][0x1a]8>5[0x18]X[0xc0][0xaa][0xef]j[0xdc]bY[0xf4]wiuS:[0xbb]*[0xd3][0xc4][0xb8]Y[0xcd][0xcc][0x0][0xd9][0xb][0x13].ps3[0x85][0xc5]v[0xb][0xa6]"+><[0x0][0xf9][0xa8]Q[0xc0]8[0x1e][0xde]vc~[0xe9][0xce],|[0x16][0xdc][0xeb]|[0xca]Svw[0x1][0xce][0xcc][0xce]/[0xc1][0xd3][0xe9][0xd7]e;[0x3]%s[0xea][0xe0][0x96][0xbe]>[0xe9][0xfa][0xe3][0x9b]n[0xa1][0xbb]w4[0xca]C[0xb][0xcf]f[0xb0][0xf9][0xf3]/r[0x93]'[n[0xb8][0xce][0xad]mg[0xef][0x1b][0xc]!5{[0xa4][0xe8][0xc1][0xf]t[0xb5][0xd3]F[0x1f][0xb0]`wx6g7[0xb5]&[0xea][0xab][0xa5]u5[0x91]>[0x83]l[0x9f][0x9e][0x13][0x85][0xc6][0xe1]1[0x10][0x2]G@[0x15]t[0x87]J[0xe9][0xaf]Hd[0x9b][0xd9][0xde][0xe6][0xc6][0xbb][0xe8]Y\v)[0x8f][\n]"
[main] DEBUG org.apache.http.wire  -  << "[0x8]j[0xc2][0x16][0xf4][0xfa]![0xef][0xff]o[0xa3]|[0xaa][0xa5][\n]"
[main] DEBUG org.apache.http.wire  -  << "[0xf5][0xb1][0xaf]1@[0xfe][0x9d][0xee]R'!v[0xb7]LM[0xa5][0x8][0xde]0[0xde][0x84][0xb3][0xb8][0xfe][0x16]E[0xb][0xa8][0xf8][0xea][0x3][0xf9][0x8d][0x5][0x81]8[0xfc][0x80][0xef]?d[0xae][0x16][0xfb][0xfa]D[0x81]u[0xe4][0x3][0x93][0x7][0x94][0xdc][0xe7]VK[0xd2]w,[0xba][0xfb][0x1e][0xde][0xc0]A[0xae][0xb6][0xdb]\[0xf9]d[0x90][0xf8][0xc2]0[0x83]0>[0xde][0x1e]~[0x81]k[0xd0][0x16][0xc9][0xc3]t[0xcc]`[0x8d][0xa7][0xa3][0xcf][0xff][0x7]L[0xed]dxdu[0x0][0x0]"
[main] DEBUG io.restassured.internal.RequestSpecificationImpl$RestAssuredHttpBuilder  - Parsed data to instance of: class org.apache.http.conn.EofSensorInputStream
[main] DEBUG org.apache.http.impl.conn.BasicClientConnectionManager  - Get connection for route {s}->https://static-exp1.licdn.com:443
[main] DEBUG org.apache.http.impl.conn.DefaultClientConnectionOperator  - Connecting to static-exp1.licdn.com:443
[main] DEBUG org.apache.http.client.protocol.RequestAddCookies  - CookieSpec selected: ignoreCookies
[main] DEBUG org.apache.http.client.protocol.RequestAuthCache  - Auth cache not set in the context
[main] DEBUG org.apache.http.client.protocol.RequestTargetAuthentication  - Target auth state: UNCHALLENGED
[main] DEBUG org.apache.http.client.protocol.RequestProxyAuthentication  - Proxy auth state: UNCHALLENGED
[main] DEBUG org.apache.http.impl.client.DefaultHttpClient  - Attempt 1 to execute request
[main] DEBUG org.apache.http.impl.conn.DefaultClientConnection  - Sending request: GET /sc/h/8zvgdynwf7m2c7zwt2hcffwhq HTTP/1.1
[main] DEBUG org.apache.http.wire  -  >> "GET /sc/h/8zvgdynwf7m2c7zwt2hcffwhq HTTP/1.1[\r][\n]"
[main] DEBUG org.apache.http.wire  -  >> "Content-Type: text/css; charset=ISO-8859-1[\r][\n]"
[main] DEBUG org.apache.http.wire  -  >> "Accept: */*[\r][\n]"
[main] DEBUG org.apache.http.wire  -  >> "Host: static-exp1.licdn.com[\r][\n]"
[main] DEBUG org.apache.http.wire  -  >> "Connection: Keep-Alive[\r][\n]"
[main] DEBUG org.apache.http.wire  -  >> "User-Agent: Apache-HttpClient/4.5.13 (Java/11.0.12)[\r][\n]"
[main] DEBUG org.apache.http.wire  -  >> "Accept-Encoding: gzip,deflate[\r][\n]"
[main] DEBUG org.apache.http.wire  -  >> "[\r][\n]"
[main] DEBUG org.apache.http.headers  - >> GET /sc/h/8zvgdynwf7m2c7zwt2hcffwhq HTTP/1.1
[main] DEBUG org.apache.http.headers  - >> Content-Type: text/css; charset=ISO-8859-1
[main] DEBUG org.apache.http.headers  - >> Accept: */*
[main] DEBUG org.apache.http.headers  - >> Host: static-exp1.licdn.com
[main] DEBUG org.apache.http.headers  - >> Connection: Keep-Alive
[main] DEBUG org.apache.http.headers  - >> User-Agent: Apache-HttpClient/4.5.13 (Java/11.0.12)
[main] DEBUG org.apache.http.headers  - >> Accept-Encoding: gzip,deflate
[main] DEBUG org.apache.http.wire  -  << "HTTP/1.1 200 OK[\r][\n]"
[main] DEBUG org.apache.http.wire  -  << "Server: Play[\r][\n]"
[main] DEBUG org.apache.http.wire  -  << "Expires: Mon, 29 Aug 2022 11:45:35 GMT[\r][\n]"
[main] DEBUG org.apache.http.wire  -  << "Cache-Control: max-age=31536000, immutable[\r][\n]"
[main] DEBUG org.apache.http.wire  -  << "Last-Modified: Mon, 05 Nov 2012 04:00:51 GMT[\r][\n]"
[main] DEBUG org.apache.http.wire  -  << "X-LI-Static-Content: 1[\r][\n]"
[main] DEBUG org.apache.http.wire  -  << "Content-Type: text/css[\r][\n]"
[main] DEBUG org.apache.http.wire  -  << "X-FS-UUID: 87f6a89566c49f163075529c382b0000[\r][\n]"
[main] DEBUG org.apache.http.wire  -  << "X-Li-Fabric: prod-ltx1[\r][\n]"
[main] DEBUG org.apache.http.wire  -  << "X-Li-Pop: prod-eda6[\r][\n]"
[main] DEBUG org.apache.http.wire  -  << "X-LI-Proto: http/1.1[\r][\n]"
[main] DEBUG org.apache.http.wire  -  << "X-LI-UUID: h/aolWbEnxYwdVKcOCsAAA==[\r][\n]"
[main] DEBUG org.apache.http.wire  -  << "Content-Encoding: gzip[\r][\n]"
[main] DEBUG org.apache.http.wire  -  << "Content-Length: 5688[\r][\n]"
[main] DEBUG org.apache.http.wire  -  << "Remote-Cache-Status: TCP_HIT[\r][\n]"
[main] DEBUG org.apache.http.wire  -  << "Date: Tue, 31 Aug 2021 17:29:47 GMT[\r][\n]"
[main] DEBUG org.apache.http.wire  -  << "Connection: keep-alive[\r][\n]"
[main] DEBUG org.apache.http.wire  -  << "Vary: Accept-Encoding[\r][\n]"
[main] DEBUG org.apache.http.wire  -  << "X-Cache: TCP_HIT[\r][\n]"
[main] DEBUG org.apache.http.wire  -  << "X-CDN-Proto: HTTP1[\r][\n]"
[main] DEBUG org.apache.http.wire  -  << "X-CDN-CLIENT-IP-VERSION: IPV4[\r][\n]"
[main] DEBUG org.apache.http.wire  -  << "Timing-Allow-Origin: *[\r][\n]"
[main] DEBUG org.apache.http.wire  -  << "Access-Control-Expose-Headers: X-CDN, X-CDN-CLIENT-IP-VERSION, X-CDN-Proto[\r][\n]"
[main] DEBUG org.apache.http.wire  -  << "Access-Control-Allow-Origin: *[\r][\n]"
[main] DEBUG org.apache.http.wire  -  << "X-CDN: AKAM[\r][\n]"
[main] DEBUG org.apache.http.wire  -  << "[\r][\n]"
[main] DEBUG org.apache.http.impl.conn.DefaultClientConnection  - Receiving response: HTTP/1.1 200 OK
[main] DEBUG org.apache.http.headers  - << HTTP/1.1 200 OK
[main] DEBUG org.apache.http.headers  - << Server: Play
[main] DEBUG org.apache.http.headers  - << Expires: Mon, 29 Aug 2022 11:45:35 GMT
[main] DEBUG org.apache.http.headers  - << Cache-Control: max-age=31536000, immutable
[main] DEBUG org.apache.http.headers  - << Last-Modified: Mon, 05 Nov 2012 04:00:51 GMT
[main] DEBUG org.apache.http.headers  - << X-LI-Static-Content: 1
[main] DEBUG org.apache.http.headers  - << Content-Type: text/css
[main] DEBUG org.apache.http.headers  - << X-FS-UUID: 87f6a89566c49f163075529c382b0000
[main] DEBUG org.apache.http.headers  - << X-Li-Fabric: prod-ltx1
[main] DEBUG org.apache.http.headers  - << X-Li-Pop: prod-eda6
[main] DEBUG org.apache.http.headers  - << X-LI-Proto: http/1.1
[main] DEBUG org.apache.http.headers  - << X-LI-UUID: h/aolWbEnxYwdVKcOCsAAA==
[main] DEBUG org.apache.http.headers  - << Content-Encoding: gzip
[main] DEBUG org.apache.http.headers  - << Content-Length: 5688
[main] DEBUG org.apache.http.headers  - << Remote-Cache-Status: TCP_HIT
[main] DEBUG org.apache.http.headers  - << Date: Tue, 31 Aug 2021 17:29:47 GMT
[main] DEBUG org.apache.http.headers  - << Connection: keep-alive
[main] DEBUG org.apache.http.headers  - << Vary: Accept-Encoding
[main] DEBUG org.apache.http.headers  - << X-Cache: TCP_HIT
[main] DEBUG org.apache.http.headers  - << X-CDN-Proto: HTTP1
[main] DEBUG org.apache.http.headers  - << X-CDN-CLIENT-IP-VERSION: IPV4
[main] DEBUG org.apache.http.headers  - << Timing-Allow-Origin: *
[main] DEBUG org.apache.http.headers  - << Access-Control-Expose-Headers: X-CDN, X-CDN-CLIENT-IP-VERSION, X-CDN-Proto
[main] DEBUG org.apache.http.headers  - << Access-Control-Allow-Origin: *
[main] DEBUG org.apache.http.headers  - << X-CDN: AKAM
[main] DEBUG org.apache.http.impl.client.DefaultHttpClient  - Connection can be kept alive indefinitely
[main] DEBUG io.restassured.internal.RequestSpecificationImpl$RestAssuredHttpBuilder  - Parsing response as: text/css
[main] DEBUG org.apache.http.wire  -  << "[0x1f][0x8b][0x8][0x0][0x0][0x0][0x0][0x0][0x0][0x0][0xc5]=[0xe9]n[0xf3]8[0x92][0xaf][0xa2][0xe9]A[0x3]q[0xaf][0xe9][0xf1][0x95][0xe3][0x93]1@[0xff][0xdc][0x1f][0xfb][0x0][0xbb]h4[0xc][0xda][0xa2]mMdI[0x10]e'i#[0xef][0xbe][0xc5]S[0xbc]t[0xd8]N[0xbe]F[0x80]$[0x96][0xc8]b[0xb1]XU[0xac][0x8b][0xf4][0xa4]"'[0x8a]7[0x19]A[0x94][0xe0]j{@[0xbb]4[0xab]IEQ][0xa5][0xfb]=[0xa9]PR[0x15]eR[0xbc][0xe5][0xeb][0xf5][0xb6][0xc8]k[0x92][0xd7][0xd1][0x4]WuB[0xb6][0x5]:[0x14]gR[0xf1][0xbe][0xf2][0x15][0xb4][0xc9][\n]"
[main] DEBUG org.apache.http.wire  -  << "J[0xd0][0xa6][0xce][0xc7][0x13][0x9]O[0xc1][0xa7][0xc]@[0x96][0x91]m[0x9d][0x16]9:[0xe3][0xec]D`[0x90][0xa2][0xc8][0xea][0xb4]D(I[0xe9]1[0xa5][0x14]mNu][0xe4][0x17][0x18][0xfb]P[0xc7]/[0xe5][0xfb][0xaa].J[0xfe][0xb7],h[0xca]z[0xc6]xC[0x8b][0xec]T[0x93][0xcf][0xc9]1Gx[0x93][0xc2][0x0][0xf4][0x94][0xd5]t[0xec]|^[0xaf]s|F[0x1b]\![0x98][0xd2];I.[0x1b][0xbc]}[0xdd]W[0xc5])O[0xe2]3[0xae][0x1e][0x10] [0x9d][0x15][0x15]j[0x1e][0xf3]Y[0xe0]4'[0xd5][0xe8]s[0xc2] [0x95][0x98][0xd2][0xb7][0xa2]J[0xd6]kz([0xde][0xf4]G[0x85][0xa4][0x87][0xd2][0xaa]A{S@[0x93]c<][0x1d][0x8]6[0x9b]N[0xfd]L[0xf3][0xf2]T[0xff]Q[0x94][0xe4][0xdf]5y[0xaf][0xff]t[0x6][0xe1][0xaf][0xc7]F#[0xf5]*[0xd8][0xf0]R[0xe2]$I[0xf3]=[0x92][0x83]N[0xcb][0xf7][0xcf]$=;M[0xc5][0xf0][0x88][0xbc][0x97]8OH5[0xee]A[0xa1][0xa3]y[0x1b]2N[0x97][0x8b]1[0xe1][0xd5]1[0xcd][0x91][0xfc][0xbc][0x98][0x3]~[0xde][0x12]q[0x8a]ok[0x8a][0xb2][0x94][0xd6][0xe8]<[0xbf][0x0][0x1f][0x94][0x19][0xfe][0x88]w[0x19]y_[0xb1]_[0xe8][0xad][0xc2]e[0xcc]~[0xf9][0xbd][0xf][0x4][0xb3][0x11][0xf5]:T$[0xc3]uz&+I[0x9a]x[0x16][0x1c][0x94][0xd6][0xa4]Di[0x9e][0xa4][\[0x17][0x95][0x1e]2/r[0x8f][0xa9]<&[0xd2]c[0xf1][0x8f][0x9c];[0x97]KX[0xef][0xb7]4[0xa9][0xf]b[0xd2]1[0xd8][0xe4]=[0x9e][0x1][0x13][0x1]O[0x1d][0x8a]tK[0xd0][0xb1]Hp[0x86]vxKj[0xce]fU[0x91]![0xcc]E[0x1][0x96][0x13][0x1e][0x8c][0xbd][0xb6]L[0xb6][0xce])yCG\o[0xf]$[0x11][0x9d])[0x93][0x94]m[0x86][0xd3]#[0xa9]D[0xcf][0xc0][0xf4][0x19]V[0xe1][0x99][0xbf][0x82][0xac][0x81]p^8[0xeb]K18[0x17][0x1f][0x98][0x9][0xba][0x10][0x7][0x81][0x14][0xff]s&[0xa3][0x9e][0x15][0xbb]0$wY[0xf1][0x16][0x1f][0xd2]$![0xf9][0xca][0xc7][0x85]/,[0xad]?2[0xc2][0x9][0xbc]R[0xd4][0xde]Wi[0xb2]b[0xbf][0xd0][0x1e][0xd6]w[0xc6]E[0xe6][0x1d][0xd1][0xf4]/[0xb6]n[0x1b][0xe0],[0xc0][0x8][0x9e][0x88]&59B[0xa7][0x9a][0xe9][0x99][0xec]t[0xcc]i[0xfc][0xf8][0x2]B[0x16][0xf1][0xdf][0xe][0x8a]h[0x8b][0xab][0xe4]Rs[0xad][0x4][0xe3][0x14][0xa7]Z.[0x95][0xe2][0x9]X[0xad][0x88]I([0xa0][0x8d][0xeb]8#[0xbb][0xda]d[0xd3][0xa7]Gxe1![0xce][0xd2]}[0x8e]R@[0x81][0xc6][[0xd0]q[0xa4]ZmO[0x15][0x5][0xf2][0x95]E[0xca]>[0x86][0x10]X[0xaf][0x1][0xe3][0xfa][0xe3][0x82][0x90][0xd2][0x95][0xf0][0x12][0x96][0x1e]$[0xa9][0xd8][0x3]/[0x1f]>[0xd6]{R[0xff][0xf][0xe8][0x9a][0xff][0x96][0xe2]2[0x99][0xcd][0x1f][0x81]X9Q[0x98][0x88][0xc5][0x19][0xd6]}[0xb4]b[0xc2][0x8c]8[0xaa][0x12][0xc9]0VGPo@[0xc4]c[0x9]K[0x91][0xd7][0x9a][0xf5][0xd3][0xfc]@[0xaa][0xb4][0xe][0xcc]5[0xc]&[0xc7]GF[0xdd][\r][0xc9].|`[0xc6][0xf0]y[0x1d][0xa3][0x1f]?~[0x0][0xf9][0xe4][0x4][0xe6]S-[0x17][0xfc]_[0xb5][0x0][0xd3][0xd5][0x11]W{[0xc0][0x83][0xb1][0xe9][0xb4]o[0x0]D[0xb7][0x15]!9[0xbc][0xe6][0xb2][0xee]0\{[0xef][0xcb][0xe][0x18][0x15][0xbd][0xc9]U[0x9d][0xb6][0x8c][0xb3]%Yv[0xd1][0x88]E-[0xec]$[0xda][0x1][0x1f]U[0xc0][0xcb][0xdb]C[0x9a]%Z[0xf9]2[0xfe][0x9][0xa9][0x19][0xb3]_[0x86][0xbd]nBg[0x87][0xd4][0x93][0xda][0x12][0xd7][0xeb][0xea][0x94][0x91][0x8b][0xd2]+[0xbf]J[0xa2][0xc5][0xf8]T[0x17][0x9e]b[0x89]<[0xed]!7d[0x4]L[0xce][0xc8]fq[0xf4]N[0xb4]Nw[0x1f][0xaa][0x8d][0xe2]j[0xae]m[0x93][0xb4][0x12];t,D-[0xc4][0xfe][0x86][0xb8],[0xa7]l[0xdb][0x9][0xa0]#[0xd9][0x96]K[0x1][0x88]?[0xc8].0[0x1f][0xa1][0x14]4[0x8d]X[0x19][0x90]t[0x2]\[0xbf][0xac][0xc8]qej#[0xa1][0x85]8W[0xc1]23[0x0][0x7]LS:[0xea][0x18][0x84]\[0xaf][0x85][0xe6][0x2]]}1[0x11]|[0x9][0xe0]g[0xa2][0xa5]W[0x9f])[0x94][0xa9][0xd7]t[0xbd][0xde][0x15][0x5]L[0xda][0x84][0xf9][0xb4][0xe4][0xda][0x8a][0xab]([0xc6][0xc3][0xa0][0xbc]"0[0x0][0xd2]$[0xb2][0xec][\n]"
[main] DEBUG org.apache.http.wire  -  << "[0xd1]`[0x7][0x12]W[0xfb][0xd8][0x3]\B[0x12]f{H[0x8d]K[0xed]5[0xba][0xe]|p[0x95][0x4][0xbf]L[0xa3][0xf9][0xb2][0x91][0xc9][0x1f]O[0x1]r[0xf8][0xb8]x[0xfc]d4aKs[0x91][0x12],[0xd8][0x98][\r]p'PaQQ[0x5][0x97]K[0x15][0xe3][0xf4]U[0xa3][0xa1][0xb8]n[0xf4]42gZX[0xc8][0xaa][0xfe][0x12][0xc],[0x4][0x84]x[0xb6][0xef][0xcb][0x9c][0x9d][0x81]u[0xec][0x95]S"[0xae][\r]W[0xf9]YZ[0x84][0xb3][0xa7][0x86]y[0xd4][0xa3][0x1b][0xf8][0xa7][0xcd]<[0xb8][0x98][0xc3][0xcf]B[0xab][0xdd][0xd6][0xb3]Eh[0x99][0x8d][0xc5]H[0xef]I[0xed][0xbd][0x80][0x95]6[0xb0][0xcd][0xaf][0xa1]V[0x10][0xb7]>L3/ [0xbb][0x9d][0x9d][0x1b][0xac][0xd8]'0[0xa5][0x80][0x9d].[0xa6][0x8d][0xf0][0x5][0xf0][0xe2][0x18][0xef][0x98][0xee][0xb0][0x97][0xfb][0x94][0xc3]V>[0x1c]xc[0xef]]n[0xd2][0x93][0x1][0x86]][0xaf][0xb9][0x10][0x7][0xf6][0xb0][[0x8c]P[0xe0][0x8e][0xd7][0x8b]#[0xa7][0x9b][0xac][0xd8][0xbe][0xae]La[\n]"
[main] DEBUG org.apache.http.wire  -  << "[0xe9][0x8]i[0xf][0xff][0xbd][0x82]$p[0x0][0xf3][0x82]2[Z2[0xc0][0xbc][0x85][0x3]B[0x6][0xbc]/s[0xf7]n[0xe][0xe1]an[0xe1][0xd8][0xc1][0x80][0xae]b[0xd5][0x10]T[0x9b][0x9b]ZQ[0xe9][0xe6][0xc1][0xa0][0xbe][0xf2]:[0x1a][0x12][0xe1][0xf2][0xc8][0xbd][0x12]br[0xf9][0xc5][0xf0][0xe9]:[0xed]'ZBs[0xb4]![0xf5][0x1b][0x18][0xaa]}[0x6][0xd3]K[0xc3][0x1e][0x15]N[0xd2][0x13]e[0x9e][0xda][0xaa][0xae]p.=[0xa7]&[0x1e][0x11]M[0x16]4[0xda][0x9e]6[0xe9][0x16][0x80][0xff][0x95][0x92][0xea]a[0xb2][0x1c]O[0xc7][0x93][0xf9]x6x[0x12]1[0x8f][0xd1]\[0xac] [0x87]K"[0xe3]%S[0xc2][0xa8][0x6][0xa6][0x14][0xb1][0x9d][0xc1][0xc3][0xc8][0xd5]4(f8$[0xc2][0xc7]R[0xe6][0xc8]5[0x8a]Fz[0xb8][0xa6][0x1e][0x9][0xda]sm[0xbd][0xe1][0xff]s[0x5][0xde][0xac][0x9]E[0xc7]h8[0x98][\r][0xce]s[0xc3]>6[0xf5][0x16][0xe0][0xaa][0x8d]m[0xd1][0xac][0x9][0x10]qsP[0xce][0x16][0x96][0xcf]X[0xe0][0x99][0x5][0xb8][0xe9]1I)[0x12][0xf1][\n]"
[main] DEBUG org.apache.http.wire  -  << "[0xf4][0x17][0x10][0xb9][0xd9][0xbb][0x9e][0x98][0xe4]Z[0x10][0x9e]mgX[0x99][0xf2][0xf0][0xe8]s[0xc2][0xb1][0x7][0xce]I[0x85][0xcd][0xef][0xe1][0xc5][0xfb][0x1d]p[0x2][0x1e][0xd2]4b?L[0xff]T[0xfb][\r]~[0x98][0x8e][0xd9][0xcf]d[0xf6]8[0x1a][0x83]M[0x8]O[0x17][0xce][0x9b][0xf9][0xc8]bC[\r](zY[0x1c][0xe9][0xaa][0x85][0x83][0xde][0xe][0xc0][0xe9][0xe3][0xee]v[0xbb][0x91]v[0xf0][0x98][0x6]T$[0xfc][0x9c][0xe4][0xe4][0x8d][0xb2]e[0x2]ofl~`q[0x98][0xa2][0xfa][0xe0][0xb6]E3.*[0xab][0xa2]$U[0xfd][0x11][0x1f][0xf1][0xbb][0xa4][0xc8][0xb8][0x0][0x1]K[0xeb][0x8f][0xcf][0xdf][0x8f]$Iq$<[0xc2][0x8][0x83][0x84]<[0xa0]#[0x90][0x15][0x1a][0x9]m[0x4][0x8e]V,#[0x17][0x97][0x1][0xa4]bRh(h[0xd1]S<[0xfe][0xfc][0x9c][0xd4][0x7][0x2]N(([0x9e]j[0xb]d[0x88][0x86][0xc2][0xe3]Q[0xe][[0xc2][0x95][0xb0]U[0xb9]~[0x86][0xd8]TN[0xc7][0xd1][0xca]X0[0xd1][0x8c]d[0xe4][0x8c]9)[0x18]i[0x92][0x91]EA[0x84][0x84][0xdf]{i[0xa8][0x3][0xfe][0xb4][0xa4][0xf][0xfc]wNi[0xba]I3[0xf6]AFd[0xc][0xd2]&[0xa7][0x8a][0x3][0x8e]'[0x8f][0xd4][0x81][0xca][0xfb][0x81][0xbb]i[0x80][0x5])f^[0xbb][0x82]=[0x1b][0x4][0x9][0x94]3[0x81][0xe5]IK[0xde]L[0x86][0x90][0xc3][0xc6]A[0xa3]+[0x1c][0x8][0xca][0xe2][0x4][0x93]<[0xcb]@[\r][0xdb][0xb4]|4[0xb4]q[0x0][0xde]S[0xe3][0xeb][0x98]l[0xc8][0xb5][0xe][0xe7][0xfa]Y[0xe3][0xbc][0xc5][0x8b][0xe0][0xde][0xcc][0x94][0xc5][0xc8][0xc1][0x89][0xc7]q[0x96]![0xcd][0xb3][0xd4]a[0xe6][0xba][0xd8][0xef]Y[0x10]][0xbf][0xb7][0xb4][0x96]p[0x91][0xac][0xe]y[0xc1]7[0x11][0xae][0x9a]|[0x9d][0xcc][0x91]X[0x81]Z[0xab][0xd3]-(8[0xa1]H[0xc5][0xae][0xec][0xa2][0xa6]F[0xbc][[0xd5]w[0x81][0x8d][0xc2]k[0xd4]b[0x92][0xca]x[0x14][0xb3]1$[0xa3][0x8][0xeb][0xbe]e[0x4]!x[0xd7]a[0xae][0x3][0x94]a[0x98][0x8][0x15]Yr[0xc1]yz[0x14][0xe3][0xef]@[0xf3][0xa2][0xe2]TG[0xf3][0xd9][0xd3][0x91][0x82]O[0xcc][0x94]Z{gx[0xee]vNs[0xd1]w[0xc][0xbc]P[0x81]'[0x4]lC[0xd0][0xa9][0x8c][0x16][0xb]x[0xb8][0xd2][0x8d]Y[0xfe]$c I[0xbc]+[0xaa]7\%[0x1d][0xc3][0x0][0x91]*[0xdc]&[0xcb]nl[0xd5][0x93][0xed]v[0xb8]aq[0xb6][0xa4][0xd9][0x80]&[[0xbb][0xe0]N[0x1b][0xdf]B[0x13]Q|[0x9b][0xf1][0xd3][0x1a]Fb[0x86][0x11][0x8b]x[0xfb][0xaf][0x10][0x8f]A1[0xeb][0xbe]![0xa8] [0x1e][0xcb]*[0x9][0xf2]E[0x8f]O[0xcf]@Y[0xbd]H[0xb3][0xc5]\?[0xb4][0x9][0x1d][0xcd][0x9e][0xd9][0xca][0x8d][0xad]%[0x89]f?[0x16][0x8b][0xeb][0x16][0xa1]"[0xbb][0x8a][0xd0][0x3]C[0xab][0xa1]8[0xd7]p[0xd0][0xe1][0x18][0xf3][0xff]X[0xc4][0xf9][0xff][0x1e][0x10][0x9b][0xf3]h[0xe5]"[0xaf][0x11]2P[0xd7][0xf8]L[0x9e][0xbd][0xc9][0xcc][0x1e]_[0xae]DQj[0x94]N[0x5]a[0xda][0xbf][0xbe][0x8a]1 DY* 9*[0xe5][0x8][0x9c][0xe4]-=[0x97]x[0x16][0xc0][0x4]A([0x10][0x6]C[0x94][0x82]2[0x93][0x8a][0x82]=[0xf7]t[0x9f][0xc8][0xe2]IK[0xa5][0xe5]-[0xf3][0x13]=H[0xd2]d\[0xcc][0xa7][0x1e][0xf6][0xbd]XH[0x9f]e|u[0xb7][\r][0x1][0x92][0x83][0xd5][0xc1][0xdc]3\[0x13]_.[0x1b]5I[0x2][0xb] [0xdc][0x9e][0xb1]x[0xb4][0xc9]N[0x4]=O[0xc7][0xff][0x9c]N[0x9f][0x17][0x9b][0xd9]h[0xc0][0xfe]![0xd5]uPQ[0xfe][0xfe]J>v[0x15][0x6][0x9f]'[0x92][0x8c]u[0xd9]U[0xc5][0xb1]a[0xd5][0xcf][0xba][0xd0][0x1f]f[0x9f]^{`;[0xbb][0xc3][0xcc][0xec]0[0xb5]:4[0xb2]([0xba][0x4][0x85]`:b[0x0][0x82][0xaf][0xb8]x[0x4] [0x9e][0xca][0xe]x[0xa2]S[0x1b][0xc8][0xa9][0x3][0xcf]R[0xb8][0x1d]Pg[0xbd]P'%![0xaf],6_[0x9c]([0xc9][0xfc]l[0x82][0xf5][0x1a][0x96][0x8d][0x8d]I[\r][0xf3]4[0xd6][0x90]#0}"[0x82])i[0xe9][0x14][0xc7][0xe8][0x8d]l^[0xd3][0x9a]%0[0x8a],cqi;[0xd4][0xe5]t[0xe3],[0xcb][0xdc]F0[0xaa][0xd3][0xfa][0x0]K(XV[0xc4][0xcb][0xd4][0xe6][0xde]X[0x8b]}@(a[0xde]QEDB[0xcc]N<[0xf0][0x90][0xb0][0x9f]j[0xf5][0x82][0xff][0xe1]LA[0xc7][0xa8])[0xb7][0x89]Y[0xb6][0xb6]l[0xbc]s[0xed][0xf4]Y[0xdd]T[0xfc][0x80][0xca][0x8]R[0x9b][0x8a]3[0xe3][0x8e][0x8f],[`&[0xc9][0xe6]"[0x81]`,[0x90]n[0xae][0x17][0xa8]7[0x86][0x1c][0x9c][0x95][0x83]^[0x87]"[0x90][0xf6]bWo[0x84][0xc0]ty[0xb3]B[0xa8][0xcf]<[0x84][0xda][0xd6]IF[0xa3][0xdb]hb[0xcc][0x97]?ncF[0xf][0xa2][0xcc]a[0x15];[0x96]J$[0xb6]K[0xbc][0xec]Z"[0xd1][0xfd][0xf] %[0xcb][0xac]&[0xb6][0xa0][0x86]T[0x3] [0x88][0xac][0xff][0xd8]`[0x9a]n[0xf9]p[0x98]Y[0x8d][0xd1][0xc4]y[0x0][\n]"
[main] DEBUG org.apache.http.wire  -  << "W[0xb8][0x9]$Q|[0x16][0xa8][0xac][0xd0]Iu3[0xd3].BM+[0xc3][0xca]Y[0x8]+G[0x8a]5[0xfa][0x10]I[0x84][0xa1][0x86]eS[0xff][0xb1][0xfa]rg[0xe][0xfc]Fz'Yb[0x91]S6P[0xbb][0x2][0x1a],'[0xc8]6[[0x9b][0xc1]v[0xb6]A[0xe];[0xe3][0xdd][0x9e] [0xa7]uE[0xea][0xed][0xc1][0xcb][0xf5][0xc2]?[0xd7][0xc6]D[0x9d][0xba]$f[0xb2][0x89][0xc4][0xaa][0xc2][0xca][0xcc][0xc7]F[0x13][0xa0][0xf][0xec]m2[0x8b][0xea]|d![0xc3]s[0xca][0xea]Yn[0xa1][0x97][0x95][0xf7]5fq[0xf3][0x2]D[0xaa][0x93]~[0x8b][0xce]s0\R3[0x80]v[0x13][0xe4][0xae]wH[0xba]L[0x8d]V^[0x19][0x11][0x90][0xfe]R[0x10][0xb1]b7[0xa1]%6[0xaf][0xdb][0x88]/[0xbd][0xcf]V[0x8a][0xdd][0xee][0xee][0x86][0xb1][0xe1][0xe1]eV[0x8a][0x16]PBl[0xd5]YTA[0xe8][0xcb]i/[0x8][0x1d]g[0x97][0xca][0xb7][0xc5]A[0xe7][0xda][0xbc][0xc4][0x15][0xf0]l/[0xc8][0xc8][0x81]iGH][0xc4][0x8c][0xda];[0xca][0xac][0xa7][0x12][0xe7]`[0xf5][0xb4][0xd5][0xad]M[0x9b][0xaa]5^[0x9a][0xb1][0xb2][0xdd][0xc7][0xf3][0xc1]sI[0x3]v[0xd6][0xff]>0[0xee][0xb5][0xb6]([0xc3]fr[0x3][0xda]<[0xf0][0xb8][0xe0][0xf1][0xec].[0x94][0xed]T[0xbf][0x13][0x11][0x9a][0xfe]#=[0x96]`!b[0x83]|A(^[0xc5][0x80][0xda]n[0xf4]~[0xf1][0xae][\r][0xc1]Nl[0xba]^"T[0x94]$7,PKM[0xb4][0xe0][0xd5][0xc6][0xdd] [0xb3][0xb0][0xb1]z[0x9d][0x8c][0xd4][0x1d]zC$[0xe5][0xbd][0x8a][0x97]o[0x1e]TE[0x8][0xcc]q[0x97]}[0xe3][0xf2]X=[0xec][0x1d][0xd2][0xfb][0xb2]j%[0x9b][0xb4][0xbf]bH[0xc9]}[0xe1]][0xdc][0x90][0x9b][0x86][0x5]8[0xd3][\n]"
[main] DEBUG org.apache.http.wire  -  << "5[0xfa]8[0xe7]V[0xa7][0x8f][0x8d](q[0x15]5[0xa8]|[0xe3][0xe2][0xe1][0xb].sv[0x80][0xb1][0xab][0xdc]@[0x6][0xa3][0x8b]<[0xfb][0xb0]"[0xd2][0xcd][0xf8][0xdc][0xa9][0x1d]]n[0xe3][0xc9]@b[0xec]*8M5Lc[0x85][0xb3][0x1f]n[0xfa][0xeb][0xb0][0xe8][0xcb][\r][0x4][0xe2][0xbb][0xd3][0xa0]^q^[0x1f][0xc4][0xbe][0xf9]P$[0xc9][0xc8][0xad]X[0x1d]8[0xb6][0x1][0x85][0x9c]I>[0xb2]I[0xc3][0xa0][0xdc][0xb3][0x14]W"[0x1d][0xe4][0xee]+Q[0x6][0xff][0xdb][0xb5]nt[0xd5]5N[0xce]8[0xdf][0xb2][0xc][0x96]x[0xa0]M[0x17][0xa9][0xe2]E[0xbe][0x8][0xf1][0xfc][0xb4]L[0x1d]Im[0x18][0xd8][0xfd]:[\r][0xaa][0x8e]![0x1]Y[0xf9]!T[0x16][0x83][0x1a][0xe]Ryb[0xd4][0xc6][0x9f][0xc0][0x90]y[0x82][0xab][0xf]=[0x98][0xa8][0xfb][0x8e][0x86][0x9b][0x2][0xbe]s[0x10][0xb0][0x91][0x8c]!u|K[0xd8][0x10]:[0x7][0xd1][0xa5]=Z[0xd2][0xc6][0xb6][0xef][0xf9][0xc4][0x1c]MG[0xc5][0xae][0x8c][0xe2]17[0xab];[\r][0x93][0xa4][0x5][0xbf]+[0x83][0xf7][[0x9c][0x9f]1[0x1d][\r][0xcc]w[0xb7][0xad][0xbc][0xac][0xba]2[0xea][0x1]x[0xb5] [0x2]_[0xb][0x90][0xa1][0xa1][0xe8]~[0xd0]=07[0xe0][0xe1][0xc7][0x9][0xd8][0xee][0xd8][0xd8]",[0xca][0x91]n[0xaf][0xe9][0xdf]d[0xde]L[\r][0xc7]"[\r][0xa6][0xe1][0x2][0xa4][0xde]>p[0xeb]%B[0xd1]#[0x17][0x9e][0xe8]q[0xce][0xff],[0x17],[0xb0][0xab]m[0x1a][0x9e][0xec][\r][0xa4][0x18][0x9b]T[0xef][0xf3][0xd3][0xb][0xd7]"[0xb7][0xe0][0xd8]@[0x11][0xb1][0xce]kg[0xda]w[0xf0][0x82][0x1e][0xac]RV[0x1f]|Y[0x11][0x94]`z[0x13][0xb6]+3[m[0xf8][0xe2]F!/[0x8f][0x1e]\[0xb1][0xf8][0xac][0xfa][0x9a]iD=&B9[0xae]X[0x94][0xa4][0x19]{[0xbe][0x9c]v@mTc[0xbb][0x6]l[0xb8][0x95]kA[0xe5][0xcb][0xc]pF[z[0xde][0xb7][0xed][0xb][0x91][0x17][0xc7]7[0xc][0xda][0xbd]p~[0xe8]n[0x1f]o[0xf]d[0xfb]J[0x92]xWlO[0xf4][0xbf]xm[0xb4][0x8e]dKGn[0xde]7[0x95][0xb0][0xc8][0x6][0x94][0x14][0xdf][0xc9]D[0x81][0xb7][0xe3][0xfa][0x8b][0x3]0[0x15][0xc1][0xaf]1[0xff][0xcd][0xa2][0xda][0xfe]C[0xf6]`u[0xf8]([0xf]$[0xa7][0xc2]z+N5[0xcf][0xf5][0x19]jW[0xe2]:k[0xb6][0x13][0x1d][0x88]29K[0xe4]N;[0x91][0xb4]\t[0xbb][0xba][0xbc][0xbb][0x9f]&[0xe0][0xd5]![0x11][0xc5][0x8][0xed][0x15][0x8][0xe3][0x7][0x0][0xbd]%[0x12]"m[\n]"
[main] DEBUG org.apache.http.wire  -  << "[0x13]zP[0x12][0x85]X[0x8a]^\+[0x85][0xa6][0xe1][0x1f][0xa6]j[0xc4][0xd7][0xd2]in[0xe1]\[0xb]9}x[0xdc][0xf0][0xf3][0xac]_[0x92]'[0xb6]}l[0xe5][0xb9][0x87][0xc2]6[0xc4][0xfe][0x11]t[0xb3][0x99][0xa9]d[0x9f][0x87][0x1][0x91][0x99][0x9a][0x80]C[0xdb]H[0xe3][0xfc]qj[0xa9],[0x87][0x18][0x8b][0x96]m[0xba]u0P]2#[0xe3][0xe7][0x87]Y[0x4]6[0x82][0x1]Yf[0xf9][0xaa][0xd3]o[0xca][0xb4][0xb9]!2g[0xd5][0xc0].x[0x85][0x83][0xfa]5 [0x1c][0xe9][0x18]-[0xdc]![0x88][0x1a]c[0xa6];R[0xe7]X[0x19]7[0x9d][0xf7][0xeb][0xca]n~Nr|N[0xf7][0x1c]aV[0x7](,[0xd2]f[0xf][0xe1]G[0x8b]8[0x93][0xba][0xc5]f[0x86]>z%[0xa4][0xe4]:[0xca];u[0xe0][0xda]r[0xa6]][0xd9][0xb6][0x91]i[0xcb][0x9]W<[0xed][0xc1][0xc3][0xe4]*[0xb7][0xfa]GJU[0xae][0xfb][0xcf]?[0xd8]H[0xff][0xa6]G[0x18][0xf9][0xcf][0xd0]QH[0x3][0x10][0xcb][\r][0x9c]J[0xe8][0xd4][0x7]GY[0xbe]-[0xc6][0xb6][0xa4]O[0xc9][0xf2][0xca][0xd2]l7[0xce][0xde][0xad]x[0xa5][0x16][0xe2][0xb5][0x8a]q^[0x88][0x3]u>[0x10][0xa3]7,[0xc5][0x9]x2P[0xcf]x5[0x9b][0xf2][0xc0][0x9b][0xcb]l[0xdc][0xb0][0x18]b[0xc0][0x6][0x13]8[0xc6]r[0x1a][0xe7][0x1b]8[0xcc][0x96][0xf3]-[0xda][0xe9]e?KY[0xb5][0xd7][0x9c]O[0xea][0xa5][0x6][0xec]Y5[0xf2][0xea][0x11][[0xb4]ih}[0xcd][0x13][0xa8][0xd3]h[0xea][0xf8]P[0xd3][0xc0][0xe1][0xb9][0x9e][0x83]hC[0x7][0x8e][0x2][0xed][0x1a][0xd1]r[0x5][0xcb][0xb3][0xc9][0xef]w[0xaf][0x1d]:x[0xe][0xfc][0x95][0x2]g[0xd7][0x89][0xbb]AI[0xb9][0xce]H[0x96]D_'[0xca]-[0x19]`[0x87]$ftS[0xc][0xd7]d[0x1b][0x9b][0xca][0xc7]+G[0xbe]k[0x8d][0xee][0x9a][0xa6]YE[0xde][0xc7]S[0xf4][0x4][0x96]<[0xad][0x9b]p[0x81]N[0x12][0x8a][0x18][0x11]=T,]j[0x1d]|6[0xb6]_[0xbb][0xc2][0xdf]e[0xf8][0xdb][0x7][0x8f][0xfa]R[0xa9][0xe1][0xd3][0xa5][0xba][0xde][0x9f]GR[0x14]3[0x97][0x1][0xd4][0xa4][0xf8][0x1][0xec][0x9d][0xaf][0x6][0xb9]8[[0x7][0x9d]o[0x9d][0x87][0xb6]H[0x95][0xf2][0xfa]%[0xfa]eeW'[0x9b][0x84][0x95]E[0x8f][0xd3][0xd0][0x1][0xf9]U[0xab][0x5]<[0xc][0x15][0xc4][0xe5][0xb3][0x8f][0xb0]][0x19]et[0x1f]-[0x4][0x2][0x1][0x1b]=f[0xdb][0x0]W([0xb0][0x93][0x0][0x91][0x1e][0xe6][0xcf][0xd3][0x84][0xec][0xc7][0x86]o1[0xee][0xb5][0x9c][0xa2][0xe7][0xa7]_G+uZ[0xe1]v[0x1c][0xf9]T{[0xd9][0xcf][\n]"
[main] DEBUG org.apache.http.wire  -  << "[0xa0][0xdd]K[0x16]A[0xdd][0x1]t[0xf9]q+Yz[0x83][0x9d][0x12]I[0xee][0xa0]j[0x1c][0xa5][0xc5]0hO[0xb7]7_s;[0x9f][0xab][0x8f]MJ[0xc1][0xda][0xde][0xbb][0xad][0xf][0x98][0xab]g[0xd6][0xf2]n}[0x87][0xba][0xfb][0xac][0x6][0xae][0x1b][0x99]E[0x8b]Kj[0xac][\n]"
[main] DEBUG org.apache.http.wire  -  << "[0xd7][0xab][0x8e]v[0xd6][0xf6][0xbc][0x1b]F[0xd1][[0x95].[0xb9]t[0xe8][0xab]AI[0xa3]C[0x86][0x1d]|[0xad][0xf0]K@[0xde]%[0x91]^[0xf4][0xb1][0xeb][0xa1][0x86]<[0xab][0xdb][0xc0][0xd5][0xeb][0xe8][0x6][0xd2]6u[0x18]<4$[0xf2][0x86][0x8d][0xba]o;[0xc6]p[0xcd]^'"[0xea]W[0xc6]G[0x1d][0xcb][0xd3]=[0xb1][0xdf][0x1e][0xc3]W[0xe1]Y'[0xb6]$[0xa6]8[0xd8][0x1b]Rl#/[0x1b][0x88][0xb8]-[0xa2][0xb9][0x98][0x19][0x9f][0xce][0xbd][0x8][0x1d]([0xe5][0xe4]M[0xa6][0x16]tX\[0x97][0xdb]^[0xd3]iPp[0xdd][0xf1][0x7][0x83]Fq[0x5]~[0xaf][0xe][0xe9]_[0xdc][0xb][0x1e][0xfc]c6} [0x90][0xce][0xbf][\n]"
[main] DEBUG org.apache.http.wire  -  << "[0xfd][0xd1][0xed][0xb5][0xc][0xf][0xca]/[0x95][0x1f]<@![0x81][0xdd][0x92][0xee]:[0xb2]$[0xac]^_[0x1d][0xd1][0xf][0xb9]D[0x3][0x8a][0xe9][0x9c][0xc8][0xc3]3[0xdf][0x4][0x9c]:[0x15]]A[0x1b]~[0xce][0xd4]AQ[0xc9][0xd5]7T([0xac][0xd3][0x1][0x96][0xfa][0x8d]l[0xd6]k[0x9d][0x7]L[0xf7][0xa2][0xa4][0x14][0xd1]mQ[0x12][0xd8]5[0x8]c[0xee]q\[0x15]E[0xdd]q1[0x5]2[0xc8][0x9][0xb8]f[0x9][0xa7][0xe9][0xc0][0xf6][0x99]T[0xd3][0x83];[0xe4]E[0x5][0xbe]-[0xd7][0xf1]}=v[0xf8][0x98]f[0x1f]H[0xde]U[0xa1][0xef][0xac][0xe8][0xeb][0xc6]Y[0x13][0x16][0xb][0x16]m[0x1b][0x8b]?[0x3][0xfb]H[0xdc][0xc4][0x1f]o[0xa9][0xc8]qC[0xc0][0xdf]HP[0xb1][0xf9][0xf],tW9o[0xdb]j6[0x87][0xc3][0xfa][0x1a]\t[0x19][0x95]sn,[0xc8]j[0xad][0x3][0xaa][0xfd]:[0x10]1[0xeb][0xd4][0xac][0x14][0xf8][0x1d]t[0xa2][0xe8]e[0xc4][0xcf][0xad][0x92]8\[0xd7][0x98][0x1f][0xbe][0xab][0xc4][0x95]$[0xa6][0x9d]*+[0xf5][0xc4][0xf6] xv[0xd9][0xce][0xfe][0x8d]][0xc1]Ka[0x8d][\n]"
[main] DEBUG org.apache.http.wire  -  << "ZO=[0xb5][0x1]8[0x1d][0x99][0x82][0x11][0xcb][0xa1]w[0xdd]_~[0xe9][0xeb][0x80][0xd0][0x8c][0x1f][0xbb]r[0xe][0x4]Z%[0xa7][0xa0]r[0x9c]r[0x3][0xe3][0x8d]_"ca@[0xb2],-A[0xdd][0xc][0xc5]#[0xfa][0xed]b[0x8e]-y[0xde][0x8][0xde][0xff]NO%[0xfb][0x9f]F[0xf][0xaa][0xde][0x98]w[0xd8]f[0xf8]X[0xc6]s[0xf0][0xc9][0x7]N[0xf8]_[0xbf][0xfd][0x83][0x1f]w,+[0xc2][0xee][0xcb][0xa9][0xe2][0xa8][0xd8][0xed][0xa2][0xdf][0xfe][0xa5][0x8][0xa1][0xa0]3[0xaf][0xc9][0xf8][0x1f][0x15][0x15][0xb3]4c[0xb5]o[0xae][0x2]X[0xcc]>[0xfb][0xa7];G[0xe2][0xd0][0xd4]-t_~%[0xdd]%"?[0x81][0xf0]j[0xca][0xdf]H[0xf9][0xf9][0x0][0xca]/[0xee][0xa0][0xfc][0xd3]WR~[0xf1][0xd3]([0xbf][0xf8]~[0xca]/[0x6]P~y[0x7][0xe5]_[0xbe][0x92][0xf2][0xcb][0x9f]F[0xf9][0xe5][0xf7]S~9[0x80][0xf2][0x8f]wP~6[0xfd]J[0xd2]?[0xfe]4[0xd2]?~?[0xe9][0x1f]}[0xd2];VR[0x9b][0x3]g[0x17][0x1e][0xb7]:rh~ke[0xbe][0x91][0x14][0x16][0x15]"[0xcd]y[0xfb][0x17][0xeb]r2^Ue[0x99][0xf3][0xce][0x9c]t[0xb6][0xe][0xcc]<@-[0xd3][0xc6][0xca]x`[0xbb][0xc8][0xf3]1[0xf8][0xe9]0~V[0x87][0x1d][0x16][0xe9]y[0xdd]3[0x8c][0xaa][0xb5][0x1e][0xd0][0xe8]NDz[0x9c]q[0xeb]~[0xaa][0xe0][0xfd][0x16]H[0x9e]][0x99][0xcb][0xd0]9[0x98][0xf6][0xec][0xe4]Z[0x1f][0xf]I[0xa3][0x10]<[0xc8]=[0xf1]n[0x1d]i[0x91][0x82][0xd4]9[0xab]o[0x17][0xf5][0x89][[0xb1]zF[0xd5]1[0x1d]c[0xfb][[0x96][0xd2][0xd9]c[0xc7]{[0xc0]#[0xf3]c[0xc4][0xd2]n[0xe7][0x97][0x8b][0x99][0xe7]RT[0x9d]q[0xcf][0xa0]|[0x92][0xfa]<[0x95]iQ[0x7]b[0xe7][0xd7][0xc0][0x8a]&[0xe9][0xf9][0x88][0xf8][0x9d][0x19]`[0xb7][0xb3][0xab]$[0x8f][0xfb][0xe0]8[0xa1][0xac][0xd3]W[\r][0xe4][0xbf][0xcb][0xb2][0x13][0xad][0x85][0xeb]d_[0xc5]5d[0x85][0x4]G[0xc][0xd6][0x9][0x3][0xe7][0xc1]\[0xc5]t[0x9b][0x85][0x1];>O/HqX[0xfa][0x9b][0x8d]\7z:[0xc][0xab][0xaf][0xdf][0x82][0xc2][0x93][0xff][0xb9][0xe6][0xae][0x8b][0x3]=mz[0x17]A[0x84][0x95]Zv[0xff][0xc9]=6o+6[0xdf]O[0xfc]f[0xe2]?[0xd7][0xd3][0xf3][0xf1][0x10][0x9e][0xf9]m[0xe4]_L[0xee]q[0xb2][p[0xf9][0x19][0xc4][0x17][0x93][0xfe][0x99][0xbc][0xcf][0x8f][0xbf]+Rt[0xbc]rb$i[0xe][0xdb][\n]"
[main] DEBUG org.apache.http.wire  -  << "[0xb]w[0xe9][0xa8][0xad][0xbc][0xf8][0xb7].j[0x9c][0xd9][0xfb]-[0xaf][0xcc]SupM5[0xc0][0xf2][0xc5][0xa9][0x6]h[0x87][0xc0][0xcf][0x5][0xf]8[0xeb][0xe7][0xe7][0xbb];[0xed][0x9b][0xe1][0x9b]@[0xef]>[0xea][0x99]qWE[0xa4]n5[0x16]e4[0xd1]M[[0x84]O5^n[0xaf]fm[0xb5][0x97][0xf8]V[0xaa][0x8e][0x1c][0xcc]e[0x16]CT[0x96][0x85][0xb6]b[0xbb][0xfd][0x93]Y[0x85][0x16][0xee]`[\r]$-[0xba][0xc6][0xc2]2/[0xed][0x99]F[0xfe][0x6][0xc6][0xa7][0xc2]v]vJ0[0xdf][0x9f]2[0xc][0xb3]?[0x9c][0x8e][0x9b][0xfc][0xaa][0xc5][0x7]&[0x7]i[0x92][0x17][0x91][0x84][0xec][0x14]$,[0x1e][0x92]\[0xa4] [0xef][0xd2]:n[0xfa][0x84][0xc9] gs[0xca][0xd9][0x95][0xc5][0xc6]=[0xe3][0xa6]=[0xe3]O[0xc9]k[0x1e][0xce][0xe6]u[0x99][0xdc][0xe2][0xc8][0x8f][0x1b][0x9c]}l[0xee][0xe][0xe6][0xe5]}[0xa1]{dzpA([0xa5]r>[0x97][0xd0][0xbd]1.[0x15]XI^[0xa3][0xe][0x9e][0xcc][0xbb]=*[0xd1][0xc3][0x1c]d[0xf0][0xa1]N[0xf2][0xe6][0xf3][0xb0][0xb8]u[0xa6][0xe5]v"E[0xa3][0xe][0x13][0x8c]W[0x7][0xb6][0x18]a[0x93]{[0xe2].[\r]b_[0xbf][0xe3][0x18][0x93][0xfe][0xde]M[0xc6][0xc0][0xac][0xa9][0xba]D[0xec][0x8a][0xeb]Xf[0xd0][0xdb][0x90][0xe3][0xcd]5[0x99]@[0xa6][0x8c][0xaa]M[0xd9][0xd5]7[0x1f][0x9a][0xae]J [0xac]k[0x81][0xf9][0xf2]ut[0x8a][0xb0][0x97]J3_[0x6][0x9d][0xe5]P[0x13]u[0xfd]Cw[0xd3][0xbe][0xcb]b[0xda]xUPf[0x93][0x1]cw"[0xac][0xdb]t[0x8c][0xc4][0xf].y[0xe3]lpb\[0xb5]k[0xd4]Q[0x86][[0xea]Ur[0xae],[0xe9]l[0xdb][0xfd][0xb6][0xb9][0x94][0xea][0xef][0x10][0xbd][0x9b]0[0xfd]z)[0xbd][0x8d]`?[0xd7]c[0x12]X[0xf0];[0xa3]:[0xdd]se[0xad][0x1b][0xdf]~[0x11]J[0xe9][0xd1][0x94][0x9d]#[0x86][0xbd][0x84][0xb2][0xe6][0x97][0xbe]*[0x1c][0xc1][0xd0][0x92][0xd4]=[0xc0]"<[0xac][0xd4][0xa8][0xcf][0x1d]v[0xa1][0x8a]#6[0x9e][0x1c]z[0xcd][0xc2][0xca]#[0xdc][0xec][0x6][0xdd]`[0x3][0x12]1[0x13]n8[0x9b][0xf7]-[0x5][0x1d][0xa5][0xb5]gk[0x87][0xeb] p[0xaa]7[0xd6][0xfa][0x80]j[0x88][0xf0][0xa9][0xea][0xeb]G[\r])5[0xe7][0x8b]c[0xee][0xa6][0x8f][0xd0][0xbd][0xbc][0x8][0xdf][0xba][0xc3]g[0xce][0xef][0xf0][0x19][0xd2]W[0x18][0x9c][0x81];[0xd4][0x9d][0xce][0xaa]0[0x86][0x1d][0xad]gj[0xdf][0xe7].}[0xa2]V5[0xb9][0x4]Jdn[0xd4][0x92][0xca][0x1f][0x6][0x19]/[0xf2][0xfd][0xe0][0xcd][0xe5][0x8a]$[0xee][0xf7][0xf9][0xf6][0xdf][0x9f][0xc0][0xfd][0x9b][0x13][0xb7]W$l[0xbb][0xa8]|[0xdf]>[0xfa][0xfd][0xc9][0xda][0xbf]9I[0xab][0xae]t[0xb7]/5b[0x9a][0xc9][0xff][0xe2]"[0x86][0x15][0xe2][0xf4][0x92]:[0x8d]?[0x15][0xff][0xf3]o5z1[0xe][0xa3][0x8]P[0xec][0xf0][0x9c][0xf3][0x1d]0O[0xa5]}[0xd5]}[0xd0]][0x96]h![0xf1][0x15][\n]"
[main] DEBUG org.apache.http.wire  -  << "v[0xc]%XH[0xa6]:hk[0xe2]H[0xf2]Ss|[0xe0][0xb6]bXo[0x14][\r]][\r][0xc7]F1[0xf][0xf0][0xce]C&[0x81][0x8d][0xd3][0x91][0xee][0x8d][0xaf][0xa4]RU][0x8d][0xa6][0xb4][0x9e][0xbc]Y|[0xb6][\n]"
[main] DEBUG org.apache.http.wire  -  << "[0xf0][0x9e]][0x89][0xe7][0x1c][0xc][0x1b]6[0x1]q[0xa6][0xcc]=[0xf7][0x1a]8>5[0x18]X[0xc0][0xaa][0xef]j[0xdc]bY[0xf4]wiuS:[0xbb]*[0xd3][0xc4][0xb8]Y[0xcd][0xcc][0x0][0xd9][0xb][0x13].ps3[0x85][0xc5]v[0xb][0xa6]"+><[0x0][0xf9][0xa8]Q[0xc0]8[0x1e][0xde]vc~[0xe9][0xce],|[0x16][0xdc][0xeb]|[0xca]Svw[0x1][0xce][0xcc][0xce]/[0xc1][0xd3][0xe9][0xd7]e;[0x3]%s[0xea][0xe0][0x96][0xbe]>[0xe9][0xfa][0xe3][0x9b]n[0xa1][0xbb]w4[0xca]C[0xb][0xcf]f[0xb0][0xf9][0xf3]/r[0x93]'[n[0xb8][0xce][0xad]mg[0xef][0x1b][0xc]!5{[0xa4][0xe8][0xc1][0xf]t[0xb5][0xd3]F[0x1f][0xb0]`wx6g7[0xb5]&[0xea][0xab][0xa5]u5[0x91]>[0x83]l[0x9f][0x9e][0x13][0x85][0xc6][0xe1]1[0x10][0x2]G@[0x15]t[0x87]J[0xe9][0xaf]Hd[0x9b][0xd9][0xde][0xe6][0xc6][0xbb][0xe8]Y\v)[0x8f][\n]"
[main] DEBUG org.apache.http.wire  -  << "[0x8]j[0xc2][0x16][0xf4][0xfa]![0xef][0xff]o[0xa3]|[0xaa][0xa5][\n]"
[main] DEBUG org.apache.http.wire  -  << "[0xf5][0xb1][0xaf]1@[0xfe][0x9d][0xee]R'!v[0xb7]LM[0xa5][0x8][0xde]0[0xde][0x84][0xb3][0xb8][0xfe][0x16]E[0xb][0xa8][0xf8][0xea][0x3][0xf9][0x8d][0x5][0x81]8[0xfc][0x80][0xef]?d[0xae][0x16][0xfb][0xfa]D[0x81]u[0xe4][0x3][0x93][0x7][0x94][0xdc][0xe7]VK[0xd2]w,[0xba][0xfb][0x1e][0xde][0xc0]A[0xae][0xb6][0xdb]\[0xf9]d[0x90][0xf8][0xc2]0[0x83]0>[0xde][0x1e]~[0x81]k[0xd0][0x16][0xc9][0xc3]t[0xcc]`[0x8d][0xa7][0xa3][0xcf][0xff][0x7]L[0xed]dxdu[0x0][0x0]"
[main] DEBUG io.restassured.internal.RequestSpecificationImpl$RestAssuredHttpBuilder  - Parsed data to instance of: class org.apache.http.conn.EofSensorInputStream
[main] DEBUG org.apache.http.impl.conn.BasicClientConnectionManager  - Releasing connection org.apache.http.impl.conn.ManagedClientConnectionImpl@661c46bc
[main] DEBUG org.apache.http.impl.conn.BasicClientConnectionManager  - Connection can be kept alive indefinitely
[main] DEBUG org.apache.http.impl.conn.BasicClientConnectionManager  - Get connection for route {s}->https://static-exp1.licdn.com:443
[main] DEBUG org.apache.http.impl.conn.DefaultClientConnectionOperator  - Connecting to static-exp1.licdn.com:443
[main] DEBUG org.apache.http.client.protocol.RequestAddCookies  - CookieSpec selected: ignoreCookies
[main] DEBUG org.apache.http.client.protocol.RequestAuthCache  - Auth cache not set in the context
[main] DEBUG org.apache.http.client.protocol.RequestTargetAuthentication  - Target auth state: UNCHALLENGED
[main] DEBUG org.apache.http.client.protocol.RequestProxyAuthentication  - Proxy auth state: UNCHALLENGED
[main] DEBUG org.apache.http.impl.client.DefaultHttpClient  - Attempt 1 to execute request
[main] DEBUG org.apache.http.impl.conn.DefaultClientConnection  - Sending request: GET /sc/h/1c5u578iilxfi4m4dvc4q810q HTTP/1.1
[main] DEBUG org.apache.http.wire  -  >> "GET /sc/h/1c5u578iilxfi4m4dvc4q810q HTTP/1.1[\r][\n]"
[main] DEBUG org.apache.http.wire  -  >> "Accept: */*[\r][\n]"
[main] DEBUG org.apache.http.wire  -  >> "Host: static-exp1.licdn.com[\r][\n]"
[main] DEBUG org.apache.http.wire  -  >> "Connection: Keep-Alive[\r][\n]"
[main] DEBUG org.apache.http.wire  -  >> "User-Agent: Apache-HttpClient/4.5.13 (Java/11.0.12)[\r][\n]"
[main] DEBUG org.apache.http.wire  -  >> "Accept-Encoding: gzip,deflate[\r][\n]"
[main] DEBUG org.apache.http.wire  -  >> "[\r][\n]"
[main] DEBUG org.apache.http.headers  - >> GET /sc/h/1c5u578iilxfi4m4dvc4q810q HTTP/1.1
[main] DEBUG org.apache.http.headers  - >> Accept: */*
[main] DEBUG org.apache.http.headers  - >> Host: static-exp1.licdn.com
[main] DEBUG org.apache.http.headers  - >> Connection: Keep-Alive
[main] DEBUG org.apache.http.headers  - >> User-Agent: Apache-HttpClient/4.5.13 (Java/11.0.12)
[main] DEBUG org.apache.http.headers  - >> Accept-Encoding: gzip,deflate
[main] DEBUG org.apache.http.wire  -  << "HTTP/1.1 200 OK[\r][\n]"
[main] DEBUG org.apache.http.wire  -  << "Server: Play[\r][\n]"
[main] DEBUG org.apache.http.wire  -  << "Expires: Wed, 03 Aug 2022 19:33:35 GMT[\r][\n]"
[main] DEBUG org.apache.http.wire  -  << "Cache-Control: max-age=31536000, immutable[\r][\n]"
[main] DEBUG org.apache.http.wire  -  << "Last-Modified: Mon, 05 Nov 2012 04:00:51 GMT[\r][\n]"
[main] DEBUG org.apache.http.wire  -  << "Content-Encoding: gzip[\r][\n]"
[main] DEBUG org.apache.http.wire  -  << "X-LI-Static-Content: 1[\r][\n]"
[main] DEBUG org.apache.http.wire  -  << "Content-Type: image/svg+xml[\r][\n]"
[main] DEBUG org.apache.http.wire  -  << "X-FS-UUID: 042c6ee2d9e2971620af7ad0e22a0000[\r][\n]"
[main] DEBUG org.apache.http.wire  -  << "X-Li-Fabric: prod-ltx1[\r][\n]"
[main] DEBUG org.apache.http.wire  -  << "Report-To: {"group":"network-errors","max_age":2592000,"endpoints":[{"url":"https://www.linkedin.com/li/rep"}],"include_subdomains":true}[\r][\n]"
[main] DEBUG org.apache.http.wire  -  << "NEL: {"report_to":"network-errors","max_age":1296000,"success_fraction":0.00066,"failure_fraction":1,"include_subdomains":true}[\r][\n]"
[main] DEBUG org.apache.http.wire  -  << "X-Li-Pop: prod-eda6[\r][\n]"
[main] DEBUG org.apache.http.wire  -  << "X-LI-Proto: http/1.1[\r][\n]"
[main] DEBUG org.apache.http.wire  -  << "X-LI-UUID: BCxu4tnilxYgr3rQ4ioAAA==[\r][\n]"
[main] DEBUG org.apache.http.wire  -  << "Content-Length: 267[\r][\n]"
[main] DEBUG org.apache.http.wire  -  << "Remote-Cache-Status: TCP_HIT[\r][\n]"
[main] DEBUG org.apache.http.wire  -  << "Date: Tue, 31 Aug 2021 17:30:57 GMT[\r][\n]"
[main] DEBUG org.apache.http.wire  -  << "Connection: keep-alive[\r][\n]"
[main] DEBUG org.apache.http.wire  -  << "Vary: Accept-Encoding[\r][\n]"
[main] DEBUG org.apache.http.wire  -  << "X-Cache: TCP_HIT[\r][\n]"
[main] DEBUG org.apache.http.wire  -  << "X-CDN-Proto: HTTP1[\r][\n]"
[main] DEBUG org.apache.http.wire  -  << "X-CDN-CLIENT-IP-VERSION: IPV4[\r][\n]"
[main] DEBUG org.apache.http.wire  -  << "Timing-Allow-Origin: *[\r][\n]"
[main] DEBUG org.apache.http.wire  -  << "Access-Control-Expose-Headers: X-CDN, X-CDN-CLIENT-IP-VERSION, X-CDN-Proto[\r][\n]"
[main] DEBUG org.apache.http.wire  -  << "Access-Control-Allow-Origin: *[\r][\n]"
[main] DEBUG org.apache.http.wire  -  << "X-CDN: AKAM[\r][\n]"
[main] DEBUG org.apache.http.wire  -  << "[\r][\n]"
[main] DEBUG org.apache.http.impl.conn.DefaultClientConnection  - Receiving response: HTTP/1.1 200 OK
[main] DEBUG org.apache.http.headers  - << HTTP/1.1 200 OK
[main] DEBUG org.apache.http.headers  - << Server: Play
[main] DEBUG org.apache.http.headers  - << Expires: Wed, 03 Aug 2022 19:33:35 GMT
[main] DEBUG org.apache.http.headers  - << Cache-Control: max-age=31536000, immutable
[main] DEBUG org.apache.http.headers  - << Last-Modified: Mon, 05 Nov 2012 04:00:51 GMT
[main] DEBUG org.apache.http.headers  - << Content-Encoding: gzip
[main] DEBUG org.apache.http.headers  - << X-LI-Static-Content: 1
[main] DEBUG org.apache.http.headers  - << Content-Type: image/svg+xml
[main] DEBUG org.apache.http.headers  - << X-FS-UUID: 042c6ee2d9e2971620af7ad0e22a0000
[main] DEBUG org.apache.http.headers  - << X-Li-Fabric: prod-ltx1
[main] DEBUG org.apache.http.headers  - << Report-To: {"group":"network-errors","max_age":2592000,"endpoints":[{"url":"https://www.linkedin.com/li/rep"}],"include_subdomains":true}
[main] DEBUG org.apache.http.headers  - << NEL: {"report_to":"network-errors","max_age":1296000,"success_fraction":0.00066,"failure_fraction":1,"include_subdomains":true}
[main] DEBUG org.apache.http.headers  - << X-Li-Pop: prod-eda6
[main] DEBUG org.apache.http.headers  - << X-LI-Proto: http/1.1
[main] DEBUG org.apache.http.headers  - << X-LI-UUID: BCxu4tnilxYgr3rQ4ioAAA==
[main] DEBUG org.apache.http.headers  - << Content-Length: 267
[main] DEBUG org.apache.http.headers  - << Remote-Cache-Status: TCP_HIT
[main] DEBUG org.apache.http.headers  - << Date: Tue, 31 Aug 2021 17:30:57 GMT
[main] DEBUG org.apache.http.headers  - << Connection: keep-alive
[main] DEBUG org.apache.http.headers  - << Vary: Accept-Encoding
[main] DEBUG org.apache.http.headers  - << X-Cache: TCP_HIT
[main] DEBUG org.apache.http.headers  - << X-CDN-Proto: HTTP1
[main] DEBUG org.apache.http.headers  - << X-CDN-CLIENT-IP-VERSION: IPV4
[main] DEBUG org.apache.http.headers  - << Timing-Allow-Origin: *
[main] DEBUG org.apache.http.headers  - << Access-Control-Expose-Headers: X-CDN, X-CDN-CLIENT-IP-VERSION, X-CDN-Proto
[main] DEBUG org.apache.http.headers  - << Access-Control-Allow-Origin: *
[main] DEBUG org.apache.http.headers  - << X-CDN: AKAM
[main] DEBUG org.apache.http.impl.client.DefaultHttpClient  - Connection can be kept alive indefinitely
[main] DEBUG io.restassured.internal.RequestSpecificationImpl$RestAssuredHttpBuilder  - Parsing response as: image/svg+xml
[main] DEBUG org.apache.http.wire  -  << "[0x1f][0x8b][0x8][0x0][0x0][0x0][0x0][0x0][0x0][0x0][0x8c][0x91][0xcb]n[0x83]0[0x10]E[0xf7][0xf9][0x8a][0x91][0xb3][0xf6][0xb][0x1b]cW[0x10])]u[0xd3][0x8f]p[0xc1][0x9]H[0x14]P@[0x10][0xe5][0xeb]3[0xce][0xa3]H[0xac]*yF[0x96]g[0xee][0xb9]3r>[0xce]g[0xb8][0xfe][0xb6][0xdd]X[0x90]z[0x9a][0x86][0xf][0xce][0x97]ea[0x8b]b[0xfd][0xe5][0xcc][0x13]![0x4][0xc7][0xe][0x2]s[0x13][0x96][0xcf][0xfe]Z[0x10][0x1][0x2]dbc[0x10]h[0xaa][0x82][0xc][0xe1]2[0xf6][0x1d][0xf5]e[0x19][0xba][0x89]jr[0xd8][0x1][0xe4][0x83][0x9f]j85m[[0x90]}[0xc8]BR[0x95][0x4][0xb0][0xf7][0x1b][0xd5]5*g[0x8c]/q#|m[0x8e]Uk[0x99][0x96]`53[0x99]W[0x9][0xe0]A/A[0xb5]e6^[0x8d]aR[0xbd]2[0x82][0xe4][0xeb][0xfd]F[0xde]N[0x99][0xb5]'[0x9f][0xfe][0x87]*[0xe4][0x9b]zD^[0xe6][0xe0][0x99][0xb1] [0x1e][0xeb][0xc5]![0xfd][0xb6]B[0x95]c[0xa9][0xa3]Z1[0xa5]VSW[0xfd][0xa8][0xd2]nM[0x8d][0x6]g[0xbc][0x92][0xcc])x[0xe6]HH4[0x8e]B[0xa5]D[0xc0]v[0x9b][0xbf]5[0x8f][[0xd1][0x3][0xb5][0xfa][0xa5][0xc6][0xd8][0xcc]G[0xbf]<~[0xcd]aw[0x7][0x0][0x0][0xff][0xff][0x3][0x0]1@[0x85]T[0xc3][0x1][0x0][0x0]"
[main] DEBUG io.restassured.internal.RequestSpecificationImpl$RestAssuredHttpBuilder  - Parsed data to instance of: class org.apache.http.conn.EofSensorInputStream
[main] DEBUG org.apache.http.impl.conn.BasicClientConnectionManager  - Releasing connection org.apache.http.impl.conn.ManagedClientConnectionImpl@3b46dd8
[main] DEBUG org.apache.http.impl.conn.BasicClientConnectionManager  - Connection can be kept alive indefinitely
[main] DEBUG org.apache.http.impl.conn.BasicClientConnectionManager  - Get connection for route {s}->https://static-exp1.licdn.com:443
[main] DEBUG org.apache.http.impl.conn.DefaultClientConnectionOperator  - Connecting to static-exp1.licdn.com:443
[main] DEBUG org.apache.http.client.protocol.RequestAddCookies  - CookieSpec selected: ignoreCookies
[main] DEBUG org.apache.http.client.protocol.RequestAuthCache  - Auth cache not set in the context
[main] DEBUG org.apache.http.client.protocol.RequestTargetAuthentication  - Target auth state: UNCHALLENGED
[main] DEBUG org.apache.http.client.protocol.RequestProxyAuthentication  - Proxy auth state: UNCHALLENGED
[main] DEBUG org.apache.http.impl.client.DefaultHttpClient  - Attempt 1 to execute request
[main] DEBUG org.apache.http.impl.conn.DefaultClientConnection  - Sending request: GET /sc/h/1c5u578iilxfi4m4dvc4q810q HTTP/1.1
[main] DEBUG org.apache.http.wire  -  >> "GET /sc/h/1c5u578iilxfi4m4dvc4q810q HTTP/1.1[\r][\n]"
[main] DEBUG org.apache.http.wire  -  >> "Accept: */*[\r][\n]"
[main] DEBUG org.apache.http.wire  -  >> "Host: static-exp1.licdn.com[\r][\n]"
[main] DEBUG org.apache.http.wire  -  >> "Connection: Keep-Alive[\r][\n]"
[main] DEBUG org.apache.http.wire  -  >> "User-Agent: Apache-HttpClient/4.5.13 (Java/11.0.12)[\r][\n]"
[main] DEBUG org.apache.http.wire  -  >> "Accept-Encoding: gzip,deflate[\r][\n]"
[main] DEBUG org.apache.http.wire  -  >> "[\r][\n]"
[main] DEBUG org.apache.http.headers  - >> GET /sc/h/1c5u578iilxfi4m4dvc4q810q HTTP/1.1
[main] DEBUG org.apache.http.headers  - >> Accept: */*
[main] DEBUG org.apache.http.headers  - >> Host: static-exp1.licdn.com
[main] DEBUG org.apache.http.headers  - >> Connection: Keep-Alive
[main] DEBUG org.apache.http.headers  - >> User-Agent: Apache-HttpClient/4.5.13 (Java/11.0.12)
[main] DEBUG org.apache.http.headers  - >> Accept-Encoding: gzip,deflate
[main] DEBUG org.apache.http.wire  -  << "HTTP/1.1 200 OK[\r][\n]"
[main] DEBUG org.apache.http.wire  -  << "Server: Play[\r][\n]"
[main] DEBUG org.apache.http.wire  -  << "Expires: Wed, 03 Aug 2022 19:33:35 GMT[\r][\n]"
[main] DEBUG org.apache.http.wire  -  << "Cache-Control: max-age=31536000, immutable[\r][\n]"
[main] DEBUG org.apache.http.wire  -  << "Last-Modified: Mon, 05 Nov 2012 04:00:51 GMT[\r][\n]"
[main] DEBUG org.apache.http.wire  -  << "Content-Encoding: gzip[\r][\n]"
[main] DEBUG org.apache.http.wire  -  << "X-LI-Static-Content: 1[\r][\n]"
[main] DEBUG org.apache.http.wire  -  << "Content-Type: image/svg+xml[\r][\n]"
[main] DEBUG org.apache.http.wire  -  << "X-FS-UUID: 042c6ee2d9e2971620af7ad0e22a0000[\r][\n]"
[main] DEBUG org.apache.http.wire  -  << "X-Li-Fabric: prod-ltx1[\r][\n]"
[main] DEBUG org.apache.http.wire  -  << "Report-To: {"group":"network-errors","max_age":2592000,"endpoints":[{"url":"https://www.linkedin.com/li/rep"}],"include_subdomains":true}[\r][\n]"
[main] DEBUG org.apache.http.wire  -  << "NEL: {"report_to":"network-errors","max_age":1296000,"success_fraction":0.00066,"failure_fraction":1,"include_subdomains":true}[\r][\n]"
[main] DEBUG org.apache.http.wire  -  << "X-Li-Pop: prod-eda6[\r][\n]"
[main] DEBUG org.apache.http.wire  -  << "X-LI-Proto: http/1.1[\r][\n]"
[main] DEBUG org.apache.http.wire  -  << "X-LI-UUID: BCxu4tnilxYgr3rQ4ioAAA==[\r][\n]"
[main] DEBUG org.apache.http.wire  -  << "Content-Length: 267[\r][\n]"
[main] DEBUG org.apache.http.wire  -  << "Date: Tue, 31 Aug 2021 17:35:36 GMT[\r][\n]"
[main] DEBUG org.apache.http.wire  -  << "Connection: keep-alive[\r][\n]"
[main] DEBUG org.apache.http.wire  -  << "Vary: Accept-Encoding[\r][\n]"
[main] DEBUG org.apache.http.wire  -  << "X-Cache: TCP_HIT[\r][\n]"
[main] DEBUG org.apache.http.wire  -  << "X-CDN-Proto: HTTP1[\r][\n]"
[main] DEBUG org.apache.http.wire  -  << "X-CDN-CLIENT-IP-VERSION: IPV4[\r][\n]"
[main] DEBUG org.apache.http.wire  -  << "Timing-Allow-Origin: *[\r][\n]"
[main] DEBUG org.apache.http.wire  -  << "Access-Control-Expose-Headers: X-CDN, X-CDN-CLIENT-IP-VERSION, X-CDN-Proto[\r][\n]"
[main] DEBUG org.apache.http.wire  -  << "Access-Control-Allow-Origin: *[\r][\n]"
[main] DEBUG org.apache.http.wire  -  << "X-CDN: AKAM[\r][\n]"
[main] DEBUG org.apache.http.wire  -  << "[\r][\n]"
[main] DEBUG org.apache.http.impl.conn.DefaultClientConnection  - Receiving response: HTTP/1.1 200 OK
[main] DEBUG org.apache.http.headers  - << HTTP/1.1 200 OK
[main] DEBUG org.apache.http.headers  - << Server: Play
[main] DEBUG org.apache.http.headers  - << Expires: Wed, 03 Aug 2022 19:33:35 GMT
[main] DEBUG org.apache.http.headers  - << Cache-Control: max-age=31536000, immutable
[main] DEBUG org.apache.http.headers  - << Last-Modified: Mon, 05 Nov 2012 04:00:51 GMT
[main] DEBUG org.apache.http.headers  - << Content-Encoding: gzip
[main] DEBUG org.apache.http.headers  - << X-LI-Static-Content: 1
[main] DEBUG org.apache.http.headers  - << Content-Type: image/svg+xml
[main] DEBUG org.apache.http.headers  - << X-FS-UUID: 042c6ee2d9e2971620af7ad0e22a0000
[main] DEBUG org.apache.http.headers  - << X-Li-Fabric: prod-ltx1
[main] DEBUG org.apache.http.headers  - << Report-To: {"group":"network-errors","max_age":2592000,"endpoints":[{"url":"https://www.linkedin.com/li/rep"}],"include_subdomains":true}
[main] DEBUG org.apache.http.headers  - << NEL: {"report_to":"network-errors","max_age":1296000,"success_fraction":0.00066,"failure_fraction":1,"include_subdomains":true}
[main] DEBUG org.apache.http.headers  - << X-Li-Pop: prod-eda6
[main] DEBUG org.apache.http.headers  - << X-LI-Proto: http/1.1
[main] DEBUG org.apache.http.headers  - << X-LI-UUID: BCxu4tnilxYgr3rQ4ioAAA==
[main] DEBUG org.apache.http.headers  - << Content-Length: 267
[main] DEBUG org.apache.http.headers  - << Date: Tue, 31 Aug 2021 17:35:36 GMT
[main] DEBUG org.apache.http.headers  - << Connection: keep-alive
[main] DEBUG org.apache.http.headers  - << Vary: Accept-Encoding
[main] DEBUG org.apache.http.headers  - << X-Cache: TCP_HIT
[main] DEBUG org.apache.http.headers  - << X-CDN-Proto: HTTP1
[main] DEBUG org.apache.http.headers  - << X-CDN-CLIENT-IP-VERSION: IPV4
[main] DEBUG org.apache.http.headers  - << Timing-Allow-Origin: *
[main] DEBUG org.apache.http.headers  - << Access-Control-Expose-Headers: X-CDN, X-CDN-CLIENT-IP-VERSION, X-CDN-Proto
[main] DEBUG org.apache.http.headers  - << Access-Control-Allow-Origin: *
[main] DEBUG org.apache.http.headers  - << X-CDN: AKAM
[main] DEBUG org.apache.http.impl.client.DefaultHttpClient  - Connection can be kept alive indefinitely
[main] DEBUG io.restassured.internal.RequestSpecificationImpl$RestAssuredHttpBuilder  - Parsing response as: image/svg+xml
[main] DEBUG org.apache.http.wire  -  << "[0x1f][0x8b][0x8][0x0][0x0][0x0][0x0][0x0][0x0][0x0][0x8c][0x91][0xcb]n[0x83]0[0x10]E[0xf7][0xf9][0x8a][0x91][0xb3][0xf6][0xb][0x1b]cW[0x10])]u[0xd3][0x8f]p[0xc1][0x9]H[0x14]P@[0x10][0xe5][0xeb]3[0xce][0xa3]H[0xac]*yF[0x96]g[0xee][0xb9]3r>[0xce]g[0xb8][0xfe][0xb6][0xdd]X[0x90]z[0x9a][0x86][0xf][0xce][0x97]ea[0x8b]b[0xfd][0xe5][0xcc][0x13]![0x4][0xc7][0xe][0x2]s[0x13][0x96][0xcf][0xfe]Z[0x10][0x1][0x2]dbc[0x10]h[0xaa][0x82][0xc][0xe1]2[0xf6][0x1d][0xf5]e[0x19][0xba][0x89]jr[0xd8][0x1][0xe4][0x83][0x9f]j85m[[0x90]}[0xc8]BR[0x95][0x4][0xb0][0xf7][0x1b][0xd5]5*g[0x8c]/q#|m[0x8e]Uk[0x99][0x96]`53[0x99]W[0x9][0xe0]A/A[0xb5]e6^[0x8d]aR[0xbd]2[0x82][0xe4][0xeb][0xfd]F[0xde]N[0x99][0xb5]'[0x9f][0xfe][0x87]*[0xe4][0x9b]zD^[0xe6][0xe0][0x99][0xb1] [0x1e][0xeb][0xc5]![0xfd][0xb6]B[0x95]c[0xa9][0xa3]Z1[0xa5]VSW[0xfd][0xa8][0xd2]nM[0x8d][0x6]g[0xbc][0x92][0xcc])x[0xe6]HH4[0x8e]B[0xa5]D[0xc0]v[0x9b][0xbf]5[0x8f][[0xd1][0x3][0xb5][0xfa][0xa5][0xc6][0xd8][0xcc]G[0xbf]<~[0xcd]aw[0x7][0x0][0x0][0xff][0xff][0x3][0x0]1@[0x85]T[0xc3][0x1][0x0][0x0]"
[main] DEBUG io.restassured.internal.RequestSpecificationImpl$RestAssuredHttpBuilder  - Parsed data to instance of: class org.apache.http.conn.EofSensorInputStream
[main] DEBUG org.apache.http.impl.conn.BasicClientConnectionManager  - Releasing connection org.apache.http.impl.conn.ManagedClientConnectionImpl@3be4fcc0
[main] DEBUG org.apache.http.impl.conn.BasicClientConnectionManager  - Connection can be kept alive indefinitely
